ลำดับที่,ชื่อยา,ข้อบ่งใช้,ผลลัพท์การสืบค้น,แหล่งอ้างอิงข้อมูล
1,Paracetamol,ใช้สำหรับลดไข้และบรรเทาอาการปวด,ความเสี่ยงต่อสตรีให้นมบุตรต่ำมาก (1) เหมาะสมต่อการใช้ในสตรีให้นมบุตร (2) - (3) และไม่พบผลข้างเคียงที่อาจเกิดขึ้นในทารกหรือการให้นมบุตร (4),"1. Association for Promotion and Cultural and Research of Breastfeeding. Acetaminophen. Available from:http://www.e-lactancia.org/sinonimo/811.                                                         
2. Organization World Health, UNICEF. Breastfeeding and maternal medication. Recommendations for drugs in the Eleventh WHO Model List of Essential Drugs. World Health Organization-UNICEF, Geneva. 2002. 
3. Briggs GG, Freeman RK, Yaffe SJ. Drugs in pregnancy and lactation: a reference guide to fetal and neonatal risk: Lippincott Williams & Wilkins; 2012. Available from: https://booksfree4u.tk/download-drugs-in-pregnancy-and-lactation-9th-edition-ebook-pdf
4.Kauffman Ralph E, Banner W, Berlin CM, Blumer JL, Gorman RL, Lambert GH, et al. The transfer of drugs and other chemicals into human milk. Pediatrics. 1994;93(1):137-50."
2,Aspirin,ใช้สำหรับลดไข้ บรรเทาอาการปวด และต้านการอักเสบ,ควรปรึกษาแพทย์หรือเภสัชกรหากต้องใช้ยา ควรเฝ้าระวังผลข้างเคียงของยาที่อาจเกิดขึ้นในทารก และควรหลีกเลี่ยงการใช้ในระยะยาว (1) - (4),"1. Association for Promotion and Cultural and Research of Breastfeeding. Aspirin. Available from: http://www.e-lactancia.org/producto/129.                                                         
2. Organization World Health, UNICEF. Breastfeeding and maternal medication. Recommendations for drugs in the Eleventh WHO Model List of Essential Drugs. World Health Organization-UNICEF, Geneva. 2002. 
3. Briggs GG, Freeman RK, Yaffe SJ. Drugs in pregnancy and lactation: a reference guide to fetal and neonatal risk: Lippincott Williams & Wilkins; 2012. Available from: https://booksfree4u.tk/download-drugs-in-pregnancy-and-lactation-9th-edition-ebook-pdf
4.Kauffman Ralph E, Banner W, Berlin CM, Blumer JL, Gorman RL, Lambert GH, et al. The transfer of drugs and other chemicals into human milk. Pediatrics. 1994;93(1):137-50."
3,Diclofenac,ใช้สำหรับบรรเทาอาการปวด และต้านการอักเสบ,ความเสี่ยงต่อสตรีให้นมบุตรต่ำมาก (1) และมีข้อมูลระบุว่าปลอดภัยสำหรับสตรีให้นมบุตร (2),"1. Breastfeeding Association for Promotion and Cultural and Research of. Diclofenac. Available from: http://www.e-lactancia.org/producto/476.                                                         
2. Briggs GG, Freeman RK, Yaffe SJ. Drugs in pregnancy and lactation: a reference guide to fetal and neonatal risk: Lippincott Williams & Wilkins; 2012. Available from: https://booksfree4u.tk/download-drugs-in-pregnancy-and-lactation-9th-edition-ebook-pdf"
4,Ibuprofen,ใช้สำหรับบรรเทาอาการปวด และต้านการอักเสบ,ความเสี่ยงต่อสตรีให้นมบุตรต่ำมาก (1) ไม่พบผลข้างเดียงต่อทารกและการให้นมบุตร (2) และมีข้อมูลระบุว่ายามีความเหมาะสมสำหรับการใช้ในสตรีให้นมบุตร (3),"1. Breastfeeding Association for Promotion and Cultural and Research of. Ibuprofen. Available from: http://www.e-lactancia.org/producto/816.
2. Kauffman Ralph E, Banner W, Berlin CM, Blumer JL, Gorman RL, Lambert GH, et al. The transfer of drugs and other chemicals into human milk. Pediatrics. 1994;93(1):137-50.
3. Briggs GG, Freeman RK, Yaffe SJ. Drugs in pregnancy and lactation: a reference guide to fetal and neonatal risk: Lippincott Williams & Wilkins; 2012. Available from: https://booksfree4u.tk/download-drugs-in-pregnancy-and-lactation-9th-edition-ebook-pdf"
5,Indomethacin,ใช้สำหรับบรรเทาอาการปวด และต้านการอักเสบ,ความปรึกษาแพทย์หรือเภสัชกรหากต้องใช้ยา ถึงแม้จะมีข้อมูลระบุว่าความเสี่ยงต่ำมากต่อสตรีให้นมบุตร (1) และเหมาะสมต่อการใช้ในสตรีให้นมบุตร (2) เนื่องจากมีการรายงานการชักของบุตรจากการใช้ยาของมารดา (2) - (3),"1. Breastfeeding Association for Promotion and Cultural and Research of. Indomethacin. Available from: http://www.e-lactancia.org/producto/831.                                                          
2. Briggs GG, Freeman RK, Yaffe SJ. Drugs in pregnancy and lactation: a reference guide to fetal and neonatal risk: Lippincott Williams & Wilkins; 2012. Available from: https://booksfree4u.tk/download-drugs-in-pregnancy-and-lactation-9th-edition-ebook-pdf
3. Kauffman Ralph E, Banner W, Berlin CM, Blumer JL, Gorman RL, Lambert GH, et al. The transfer of drugs and other chemicals into human milk. Pediatrics. 1994;93(1):137-50."
6,Naproxen,ใช้สำหรับบรรเทาอาการปวด และต้านการอักเสบ,ความเสี่ยงต่อสตรีให้นมบุตรต่ำ (1) ไม่พบผลข้างเคียงจากการใช้ยาต่อทารกหรือการให้นมบุตร (2) และมีข้อมูลระบุว่ายาเหมาะสมสำหรับการใช้ในสตรีให้นมบุตร (3),"1. Breastfeeding Association for Promotion and Cultural and Research of. Naproxen. Available from: http://www.e-lactancia.org/producto/1089.                                                       
2. Kauffman Ralph E, Banner W, Berlin CM, Blumer JL, Gorman RL, Lambert GH, et al. The transfer of drugs and other chemicals into human milk. Pediatrics. 1994;93(1):137-50.
3. Briggs GG, Freeman RK, Yaffe SJ. Drugs in pregnancy and lactation: a reference guide to fetal and neonatal risk: Lippincott Williams & Wilkins; 2012. Available from: https://booksfree4u.tk/download-drugs-in-pregnancy-and-lactation-9th-edition-ebook-pdf"
7,Piroxicam,ใช้สำหรับบรรเทาอาการปวด และต้านการอักเสบ,ความเสี่ยงต่อสตรีให้นมบุตรต่ำ (1) ไม่พบผลข้างเคียงจากการใช้ยาต่อทารกหรือการให้นมบุตร (2) และมีข้อมูลระบุว่ายาเหมาะสมสำหรับการใช้ในสตรีให้นมบุตร (3),"1. Breastfeeding Association for Promotion and Cultural and Research of. Piroxicam. Available from: http://www.e-lactancia.org/producto/1232.
2. Kauffman Ralph E, Banner W, Berlin CM, Blumer JL, Gorman RL, Lambert GH, et al. The transfer of drugs and other chemicals into human milk. Pediatrics. 1994;93(1):137-50.
3. Briggs GG, Freeman RK, Yaffe SJ. Drugs in pregnancy and lactation: a reference guide to fetal and neonatal risk: Lippincott Williams & Wilkins; 2012. Available from: https://booksfree4u.tk/download-drugs-in-pregnancy-and-lactation-9th-edition-ebook-pdf"
8,Amoxicillin,ใช้สำหรับรักษาโรคติดเชื้อที่มีสาเหตุจากเชื้อแบคทีเรีย,ความเสี่ยงต่อสตรีให้นมบุตรต่ำมาก (1) ไม่พบข้อมูลผลข้างเคียงจากการใช้ยาต่อทารกหรือการให้นมบุตร (2) และเหมาะสมสำหรับการใช้ในสตรีให้นมบุตร (3) แต่อย่างไรก็ตามควรเฝ้าระวังและติดตามผลข้างเคียงจากการใช้ยาที่อาจขึ้นได้ในทารก (4),"Breastfeeding Association for Promotion and Cultural and Research of. Amoxicillin. Available from: http://www.e-lactancia.org/producto/91.
2. Kauffman Ralph E, Banner W, Berlin CM, Blumer JL, Gorman RL, Lambert GH, et al. The transfer of drugs and other chemicals into human milk. Pediatrics. 1994;93(1):137-50.
3. Organization World Health, UNICEF. Breastfeeding and maternal medication. Recommendations for drugs in the Eleventh WHO Model List of Essential Drugs. World Health Organization-UNICEF, Geneva. 2002. 
4. Briggs GG, Freeman RK, Yaffe SJ. Drugs in pregnancy and lactation: a reference guide to fetal and neonatal risk: Lippincott Williams & Wilkins; 2012. Available from: https://booksfree4u.tk/download-drugs-in-pregnancy-and-lactation-9th-edition-ebook-pdf"
9,Ampicillin,ใช้สำหรับรักษาโรคติดเชื้อที่มีสาเหตุจากเชื้อแบคทีเรีย,ความเสี่ยงต่อสตรีให้นมบุตรต่ำมาก (1) และเหมาะสมสำหรับการใช้ในสตรีให้นมบุตร (2) - (3)  แต่อย่างไรก็ตามควรเฝ้าระวังและติดตามผลข้างเคียงจากการใช้ยาที่อาจขึ้นได้ในทารก (2),"1. Breastfeeding Association for Promotion and Cultural and Research of. Ampicilline. Available from: http://www.e-lactancia.org/producto/93.
2. Briggs GG, Freeman RK, Yaffe SJ. Drugs in pregnancy and lactation: a reference guide to fetal and neonatal risk: Lippincott Williams & Wilkins; 2012. Available from: https://booksfree4u.tk/download-drugs-in-pregnancy-and-lactation-9th-edition-ebook-pdf
3. Organization World Health, UNICEF. Breastfeeding and maternal medication. Recommendations for drugs in the Eleventh WHO Model List of Essential Drugs. World Health Organization-UNICEF, Geneva. 2002. "
10,Cloxacillin,ใช้สำหรับรักษาโรคติดเชื้อที่มีสาเหตุจากเชื้อแบคทีเรีย,ความเสี่ยงต่อสตรีให้นมบุตรต่ำมาก (1) และเหมาะสมสำหรับการใช้ในสตรีให้นมบุตร (2) - (3) แต่อย่างไรก็ตามควรเฝ้าระวังและติดตามผลข้างเคียงจากการใช้ยาที่อาจเกิดขึ้นได้ในทารก (2),"1. Breastfeeding Association for Promotion and Cultural and Research of. Cloxacillin. Available from: http://www.e-lactancia.org/producto/400.
2. Briggs GG, Freeman RK, Yaffe SJ. Drugs in pregnancy and lactation: a reference guide to fetal and neonatal risk: Lippincott Williams & Wilkins; 2012. Available from: https://booksfree4u.tk/download-drugs-in-pregnancy-and-lactation-9th-edition-ebook-pdf
3. Organization World Health, UNICEF. Breastfeeding and maternal medication. Recommendations for drugs in the Eleventh WHO Model List of Essential Drugs. World Health Organization-UNICEF, Geneva. 2002. "
11,Dicloxacillin,ใช้สำหรับรักษาโรคติดเชื้อที่มีสาเหตุจากเชื้อแบคทีเรีย,ความเสี่ยงต่อสตรีให้นมบุตรต่ำมาก (1) และเหมาะสมสำหรับการใช้ในสตรีให้นมบุตร แต่อย่างไรก็ตามควรเฝ้าระวังและติดตามผลข้างเคียงจากการใช้ยาที่อาจเกิดขึ้นได้ในทารก (2),"1.Breastfeeding Association for Promotion and Cultural and Research of. Dicloxacillin. Available from: http://www.e-lactancia.org/producto/477.
2. Briggs GG, Freeman RK, Yaffe SJ. Drugs in pregnancy and lactation: a reference guide to fetal and neonatal risk: Lippincott Williams & Wilkins; 2012. Available from: https://booksfree4u.tk/download-drugs-in-pregnancy-and-lactation-9th-edition-ebook-pdf"
12,Amoxicillin-Clavulanate,ใช้สำหรับรักษาโรคติดเชื้อที่มีสาเหตุจากเชื้อแบคทีเรีย,ควรปรึกษาแพทย์หรือเภสัชกรหากต้องใช้ยา ถึงแม้มีข้อมูลระบุว่ามีความเสี่ยงงต่อสตรีให้นมบุตรต่ำมาก (1) เนื่องจากไม่มีข้อมูลที่เกี่ยวข้องกับการใช้ยานี้ในสตรีให้นมบุตรที่มากพอ (2),"1. Breastfeeding Association for Promotion and Cultural and Research of. Amoxicillin-Clavulanate. Available from: http://www.e-lactancia.org/producto/92.                                     
 2. Briggs GG, Freeman RK, Yaffe SJ. Drugs in pregnancy and lactation: a reference guide to fetal and neonatal risk: Lippincott Williams & Wilkins; 2012. Available from: https://booksfree4u.tk/download-drugs-in-pregnancy-and-lactation-9th-edition-ebook-pdf"
13,Cefalexin,ใช้สำหรับรักษาโรคติดเชื้อที่มีสาเหตุจากเชื้อแบคทีเรีย,ความเสี่ยงต่อสตรีให้นมบุตรต่ำมาก (1) และเหมาะสมสำหรับการใช้ในสตรีให้นมบุตร (2),"1. Breastfeeding Association for Promotion and Cultural and Research of. Cefalexin. Available from: http://www.e-lactancia.org/producto/291.
 2. Briggs GG, Freeman RK, Yaffe SJ. Drugs in pregnancy and lactation: a reference guide to fetal and neonatal risk: Lippincott Williams & Wilkins; 2012. Available from: https://booksfree4u.tk/download-drugs-in-pregnancy-and-lactation-9th-edition-ebook-pdf"
14,Cefuroxime,ใช้สำหรับรักษาโรคติดเชื้อที่มีสาเหตุจากเชื้อแบคทีเรีย,ความเสี่ยงต่อสตรีให้นมบุตรต่ำมาก (1) และเหมาะสมสำหรับการใช้ในสตรีให้นมบุตร แต่อย่างไรก็ตามควรเฝ้าระวังและติดตามผลข้างเคียงจากการใช้ยาที่อาจเกิดขึ้นได้ในทารก (2),"1. Breastfeeding Association for Promotion and Cultural and Research of. Cefuroxime. Available from: http://www.e-lactancia.org/producto/316.
 2. Briggs GG, Freeman RK, Yaffe SJ. Drugs in pregnancy and lactation: a reference guide to fetal and neonatal risk: Lippincott Williams & Wilkins; 2012. Available from: https://booksfree4u.tk/download-drugs-in-pregnancy-and-lactation-9th-edition-ebook-pdf"
15,Cefixime,ใช้สำหรับรักษาโรคติดเชื้อที่มีสาเหตุจากเชื้อแบคทีเรีย,ความเสี่ยงต่อสตรีให้นมบุตรต่ำมาก (1) และเหมาะสมสำหรับการใช้ในสตรีให้นมบุตร แต่อย่างไรก็ตามควรเฝ้าระวังและติดตามผลข้างเคียงจากการใช้ยาที่อาจเกิดขึ้นได้ในทารก (2),"1. Breastfeeding Association for Promotion and Cultural and Research of. Cefixime. Available from: http://www.e-lactancia.org/producto/300.
 2. Briggs GG, Freeman RK, Yaffe SJ. Drugs in pregnancy and lactation: a reference guide to fetal and neonatal risk: Lippincott Williams & Wilkins; 2012. Available from: https://booksfree4u.tk/download-drugs-in-pregnancy-and-lactation-9th-edition-ebook-pdf"
16,Doxycycline,ใช้สำหรับรักษาโรคติดเชื้อที่มีสาเหตุจากเชื้อแบคทีเรีย,ควรหลีกเลี่ยงการใช้ยา เนื่องจากอาจมีผลต่อสีฟันของทารก (1) ถึงแม้มีข้อมูลระบุว่ายามีความเสี่ยงต่อสตรีให้นมบุตรต่ำ (2) และเหมาะกับการใช้ในสตรีให้นมบุตร (3) หากจำเป็นต้องใช้ยาควรเฝ้าระวังผลข้างเคียงจากการใช้ยาที่อาจเกิดขึ้นในทารก (3) และควรปรึกษาแพทย์หรือเภสัชกรหากก่อนใช้ยา ,"1. Organization World Health, UNICEF. Breastfeeding and maternal medication. Recommendations for drugs in the Eleventh WHO Model List of Essential Drugs. World Health Organization-UNICEF, Geneva. 2002.                                     
2. Breastfeeding Association for Promotion and Cultural and Research of. Doxycycline. Available from: http://www.e-lactancia.org/producto/530.       
3. Briggs GG, Freeman RK, Yaffe SJ. Drugs in pregnancy and lactation: a reference guide to fetal and neonatal risk: Lippincott Williams & Wilkins; 2012. Available from: https://booksfree4u.tk/download-drugs-in-pregnancy-and-lactation-9th-edition-ebook-pdf"
17,Tetracycline,ใช้สำหรับรักษาโรคติดเชื้อที่มีสาเหตุจากเชื้อแบคทีเรีย,ยามีการดูดซึมผ่านน้ำนมเพียงเล็กน้อย ไม่พบผลข้างเคียงจากการใช้ยาต่อทารกหรือการให้นมบุตร (1) ยามีความเสี่ยงต่อสตรีให้นมบุตรต่ำมาก (2) และเหมาะสมสำหรับการใช้ในสตรีให้นมบุตร (3) - (4) แต่อย่างไรก็ตามควรเฝ้าระวังและติดตามผลข้างเคียงจากการใช้ยาที่อาจเกิดขึ้นในทารก (4),"1. Kauffman Ralph E, Banner W, Berlin CM, Blumer JL, Gorman RL, Lambert GH, et al. The transfer of drugs and other chemicals into human milk. Pediatrics. 1994;93(1):137-50.
2. Breastfeeding Association for Promotion and Cultural and Research of. Tetracycline. Available from: http://www.e-lactancia.org/producto/1457.
3. Organization World Health, UNICEF. Breastfeeding and maternal medication. Recommendations for drugs in the Eleventh WHO Model List of Essential Drugs. World Health Organization-UNICEF, Geneva. 2002.                                     
4. Briggs GG, Freeman RK, Yaffe SJ. Drugs in pregnancy and lactation: a reference guide to fetal and neonatal risk: Lippincott Williams & Wilkins; 2012. Available from: https://booksfree4u.tk/download-drugs-in-pregnancy-and-lactation-9th-edition-ebook-pdf"
18,Neomycin,ใช้สำหรับรักษาโรคติดเชื้อที่มีสาเหตุจากเชื้อแบคทีเรีย,ความเสี่ยงต่อสตรีให้นมบุตรต่ำมาก (1) อย่างไรก็ตามหากต้องใช้ยาควรปรึกษาแพทย์หรือเภสัชกร เนื่องจากข้อมูลการใช้ยาในสตรีให้นมบุตรมีอย่างจำกัด (2),"1. Breastfeeding Association for Promotion and Cultural and Research of. Neomycin. Available from: http://www.e-lactancia.org/producto/1099.                                                     
2. Briggs GG, Freeman RK, Yaffe SJ. Drugs in pregnancy and lactation: a reference guide to fetal and neonatal risk: Lippincott Williams & Wilkins; 2012. Available from: https://booksfree4u.tk/download-drugs-in-pregnancy-and-lactation-9th-edition-ebook-pdf"
19,Erythromycin,ใช้สำหรับรักษาโรคติดเชื้อที่มีสาเหตุจากเชื้อแบคทีเรีย,ความเสี่ยงต่อสตรีให้นมบุตรต่ำ (1) เหมาะสมสำหรับการใช้ในสตรีให้นมบุตร (2) - (3) และไม่พบผลข้างเคียงที่เกิดขึ้นกับทารกหรือการให้นม (4) แต่อย่างไรก็ตามควรเฝ่าระวังผลข้างเคียงที่อาจเกิดขึ้นในทารก (3) ,"1. Breastfeeding Association for Promotion and Cultural and Research of. Erythromycin. Available from: http://www.e-lactancia.org/producto/575.
2. Organization World Health, UNICEF. Breastfeeding and maternal medication. Recommendations for drugs in the Eleventh WHO Model List of Essential Drugs. World Health Organization-UNICEF, Geneva. 2002. 
3. Briggs GG, Freeman RK, Yaffe SJ. Drugs in pregnancy and lactation: a reference guide to fetal and neonatal risk: Lippincott Williams & Wilkins; 2012. Available from: https://booksfree4u.tk/download-drugs-in-pregnancy-and-lactation-9th-edition-ebook-pdf
4. Kauffman Ralph E, Banner W, Berlin CM, Blumer JL, Gorman RL, Lambert GH, et al. The transfer of drugs and other chemicals into human milk. Pediatrics. 1994;93(1):137-50."
20,Roxithromycin,ใช้สำหรับรักษาโรคติดเชื้อที่มีสาเหตุจากเชื้อแบคทีเรีย,ความเสี่ยงต่อสตรีให้นมบุตรต่ำมาก (1),1. Breastfeeding Association for Promotion and Cultural and Research of. Roxithromycin. Available from: http://www.e-lactancia.org/producto/1356.
21,Azithromycin,ใช้สำหรับรักษาโรคติดเชื้อที่มีสาเหตุจากเชื้อแบคทีเรีย,ควรปรึกษาแพทย์หรือเภสัชกรหากต้องใช้ยา ถึงแม้ว่าความเสี่ยงต่อสตรีให้นมบุตรต่ำมาก (1) เนื่องจากมีข้อมูลว่ายาสามารถผ่านเข้าสู่น้ำนมมารดาได้ (2),"1. Breastfeeding Association for Promotion and Cultural and Research of. Azithromycin. Available from: http://www.e-lactancia.org/producto/147.                                                        
 2. Briggs GG, Freeman RK, Yaffe SJ. Drugs in pregnancy and lactation: a reference guide to fetal and neonatal risk: Lippincott Williams & Wilkins; 2012. Available from: https://booksfree4u.tk/download-drugs-in-pregnancy-and-lactation-9th-edition-ebook-pdf"
22,Clarithromycin,ใช้สำหรับรักษาโรคติดเชื้อที่มีสาเหตุจากเชื้อแบคทีเรีย,ความเสี่ยงต่อสตรีให้นมบุตรต่ำมาก (1) อย่างไรก็ตามควรปรึกษาแพทย์หรือเภสัชกรก่อนใช้ยา เนื่องจากข้อมูลการใช้ยาในสตรีให้นมบุตรมีจำกัด (2),"1. Breastfeeding Association for Promotion and Cultural and Research of. Clarithromycin. Available from: http://www.e-lactancia.org/producto/357.                                                          
2. Briggs GG, Freeman RK, Yaffe SJ. Drugs in pregnancy and lactation: a reference guide to fetal and neonatal risk: Lippincott Williams & Wilkins; 2012. Available from: https://booksfree4u.tk/download-drugs-in-pregnancy-and-lactation-9th-edition-ebook-pdf"
23,Norfloxacin,ใช้สำหรับรักษาโรคติดเชื้อที่มีสาเหตุจากเชื้อแบคทีเรีย,ควรปรึกษาแพทย์หรือเภสัชกรก่อนใช้ยา ถึงแม้มีข้อมูลระบุว่ายามีความเสี่ยงต่อสตรีให้นมบุตรต่ำมาก (1) เนื่องจากมีข้อมูลระบุว่าไม่ควรใช้ในสตรีให้นมบุตรเพราะอาจเกิดผลข้างเคียงต่อทารก (2),"1. Breastfeeding Association for Promotion and Cultural and Research of. Norfloxacin. Available from: http://www.e-lactancia.org/producto/1130.                                                       
 2. Briggs GG, Freeman RK, Yaffe SJ. Drugs in pregnancy and lactation: a reference guide to fetal and neonatal risk: Lippincott Williams & Wilkins; 2012. Available from: https://booksfree4u.tk/download-drugs-in-pregnancy-and-lactation-9th-edition-ebook-pdf"
24,Ofloxacin,ใช้สำหรับรักษาโรคติดเชื้อที่มีสาเหตุจากเชื้อแบคทีเรีย,ควรปรึกษาแพทย์หรือเภสัชกรก่อนใช้ยา ถึงแม้มีข้อมูลระบุว่ามีความเสี่ยงต่อสตรีให้นมบุตรต่ำมาก (1) เนื่องจากมีข้อมูลระบุถึงการผ่านของยาเข้าสู่น้ำนมและผลข้างเคียงที่อาจเกิดขึ้นกับทารก (2)," 1. Briggs GG, Freeman RK, Yaffe SJ. Drugs in pregnancy and lactation: a reference guide to fetal and neonatal risk: Lippincott Williams & Wilkins; 2012. Available from: https://booksfree4u.tk/download-drugs-in-pregnancy-and-lactation-9th-edition-ebook-pdf
2. Breastfeeding Association for Promotion and Cultural and Research of. Ofloxacin. Available from: http://www.e-lactancia.org/producto/1138.                                                        "
25,Ciprofloxacin,ใช้สำหรับรักษาโรคติดเชื้อที่มีสาเหตุจากเชื้อแบคทีเรีย,ควรปรึกษาแพทย์หรือเภสัชกรก่อนใช้ยา และควรหลีกเลี่ยงการใช้ยาหากเป็นไปได้ (1) ถึงแม้มีข้อมูลระบุว่ามีความเสี่ยงต่อสตรีให้นมบุตรต่ำมาก (2)  เนื่องจากมีข้อมูลระบุถึงการผ่านของยาเข้าสู่น้ำนมและผลข้างเคียงที่อาจเกิดขึ้นกับทารก (3),"1. Organization World Health, UNICEF. Breastfeeding and maternal medication. Recommendations for drugs in the Eleventh WHO Model List of Essential Drugs. World Health Organization-UNICEF, Geneva. 2002.                                     
2. Breastfeeding Association for Promotion and Cultural and Research of. Ciprofloxacin. Available from: http://www.e-lactancia.org/producto/345.  
3. Briggs GG, Freeman RK, Yaffe SJ. Drugs in pregnancy and lactation: a reference guide to fetal and neonatal risk: Lippincott Williams & Wilkins; 2012. Available from: https://booksfree4u.tk/download-drugs-in-pregnancy-and-lactation-9th-edition-ebook-pdf"
26,Levofloxacin,ใช้สำหรับรักษาโรคติดเชื้อที่มีสาเหตุจากเชื้อแบคทีเรีย,ควรปรึกษาแพทย์หรือเภสัชกรก่อนใช้ยา ถึงแม้ว่ามีข้อมูลระบุว่ามีความเสี่ยงต่อสตรีให้นมบุตรต่ำ (1) เนื่องจากมีข้อมูลระบุถึงการผ่านของยาเข้าสู่น้ำนมและผลข้างเคียงที่อาจเกิดขึ้นในทารก (2),"1. Breastfeeding Association for Promotion and Cultural and Research of. Levofloxacin. Available from: http://www.e-lactancia.org/producto/924.                                                          
2. Briggs GG, Freeman RK, Yaffe SJ. Drugs in pregnancy and lactation: a reference guide to fetal and neonatal risk: Lippincott Williams & Wilkins; 2012. Available from: https://booksfree4u.tk/download-drugs-in-pregnancy-and-lactation-9th-edition-ebook-pdf"
27,Chloramphenicol,ใช้สำหรับรักษาโรคติดเชื้อที่มีสาเหตุจากเชื้อแบคทีเรีย,มีข้อมูลระบุว่าความเสี่ยงต่อสตรีให้นมบุตรสูง (1) หากเป็นไปได้ควรหลีกเลี่ยงการใช้ยา โดยเฉพาะหากทารกมีอายุน้อยกว่า 1 เดือน (2) ถึงแม้ผลข้างเคียงจากการใช้ยานี้ในสตรีให้นมบุตรยังไม่แน่ชัด แต่หากจำเป็นต้องใช้ยาควรปรึกษาแพทย์หรือเภสัชกร และควรเฝ้าระวังผลข้างเคียงที่อาจเกิดขึ้นในทารก เช่น การกดไขกระดูก (3) - (4) ,"1. Breastfeeding Association for Promotion and Cultural and Research of. Chloramphenicol. Available from: http://www.e-lactancia.org/producto/378.                                                                           
2. Organization World Health, UNICEF. Breastfeeding and maternal medication. Recommendations for drugs in the Eleventh WHO Model List of Essential Drugs. World Health Organization-UNICEF, Geneva. 2002. 
3. Briggs GG, Freeman RK, Yaffe SJ. Drugs in pregnancy and lactation: a reference guide to fetal and neonatal risk: Lippincott Williams & Wilkins; 2012. Available from: https://booksfree4u.tk/download-drugs-in-pregnancy-and-lactation-9th-edition-ebook-pdf
4.Kauffman Ralph E, Banner W, Berlin CM, Blumer JL, Gorman RL, Lambert GH, et al. The transfer of drugs and other chemicals into human milk. Pediatrics. 1994;93(1):137-50."
28,Metronidazole,ใช้สำหรับรักษาโรคติดเชื้อที่มีสาเหตุจากเชื้อแบคทีเรีย,ควรปรึกษาแพทย์หรือเภสัชกรหากต้องใช้ยา ถึงแม้มีข้อมูลระบุว่าความเสี่ยงต่อสตรีให้นมบุตรต่ำมาก (1) เนื่องจากยาสามารถผ่านเข้าสู่น้ำนม (2) และมีข้อมูลระบุว่าควรหลีกเลี่ยงการใช้ยาหากเป็นไปได้ หากจำเป็นต้องยานี้ควรรับประทานขนาด 2 กรัม ครั้งเดียว และงดการให้นมบุตร 12 ชั่วโมง (3) - (4) ,"1. Breastfeeding Association for Promotion and Cultural and Research of. Metronidazole. Available from: http://www.e-lactancia.org/producto/1041.                                                       
2. Briggs GG, Freeman RK, Yaffe SJ. Drugs in pregnancy and lactation: a reference guide to fetal and neonatal risk: Lippincott Williams & Wilkins; 2012. Available from: https://booksfree4u.tk/download-drugs-in-pregnancy-and-lactation-9th-edition-ebook-pdf
3. Organization World Health, UNICEF. Breastfeeding and maternal medication. Recommendations for drugs in the Eleventh WHO Model List of Essential Drugs. World Health Organization-UNICEF, Geneva. 2002.                                    
4.Kauffman Ralph E, Banner W, Berlin CM, Blumer JL, Gorman RL, Lambert GH, et al. The transfer of drugs and other chemicals into human milk. Pediatrics. 1994;93(1):137-50."
29,Clindamycin,ใช้สำหรับรักษาโรคติดเชื้อที่มีสาเหตุจากเชื้อแบคทีเรีย,ควรปรึกษาแพทย์หรือเภสัชกรหากต้องใช้ยา ถึงแม้มีข้อมูลระบุว่ายามีความเสี่ยงต่อสตรีให้นมบุตรต่ำ (1) เหมาะสมกับการใช้ในสตรีให้นมบุตร (2) - (3) และไม่มีรายงานการพบข้างเคียงต่อทารกหรือน้ำนม (3) เนื่องจากมีข้อมูลระบุว่าควรหลีกเลี่ยงการใช้ยา หากจำเป็นต้องใช้ยา ควรเฝ้าระวังผลข้างเคียงที่อาจเกิดขึ้นในทารก (4),"1. Breastfeeding Association for Promotion and Cultural and Research of. Clindamycin. Available from: http://www.e-lactancia.org/producto/360.                                                        
2. Briggs GG, Freeman RK, Yaffe SJ. Drugs in pregnancy and lactation: a reference guide to fetal and neonatal risk: Lippincott Williams & Wilkins; 2012. Available from: https://booksfree4u.tk/download-drugs-in-pregnancy-and-lactation-9th-edition-ebook-pdf
3. Kauffman Ralph E, Banner W, Berlin CM, Blumer JL, Gorman RL, Lambert GH, et al. The transfer of drugs and other chemicals into human milk. Pediatrics. 1994;93(1):137-50.
4. Organization World Health, UNICEF. Breastfeeding and maternal medication. Recommendations for drugs in the Eleventh WHO Model List of Essential Drugs. World Health Organization-UNICEF, Geneva. 2002."
30,Lincomycin,ใช้สำหรับรักษาโรคติดเชื้อที่มีสาเหตุจากเชื้อแบคทีเรีย,ความเสี่ยงต่อสตรีให้นมบุตรต่ำมาก (1) แต่อย่างไรก็ตามหากจำเป็นต้องใช้ยาควรปรึกษาแพทย์หรือเภสัชกร และควรเฝ้าระวังอาการข้างเคียงที่อาจเกิดขึ้นในทารก (2),"1.Breastfeeding Association for Promotion and Cultural and Research of. Lincomycin. Available from: http://www.e-lactancia.org/producto/937.                                                          
2. Briggs GG, Freeman RK, Yaffe SJ. Drugs in pregnancy and lactation: a reference guide to fetal and neonatal risk: Lippincott Williams & Wilkins; 2012. Available from: https://booksfree4u.tk/download-drugs-in-pregnancy-and-lactation-9th-edition-ebook-pdf"
31,Nitrofurantoin,ใช้สำหรับรักษาโรคติดเชื้อที่มีสาเหตุจากเชื้อแบคทีเรีย,ควรปรึกษาแพทย์หรือเภสัชกรก่อนใช้ยา ถึงแม้มีข้อมูลระบุว่ายามีความเสี่ยงต่อสตรีให้นมบุตรต่ำมาก (1) และเหมาะสมกับการใช้ในสตรีให้นมบุตร (2) - (4) เนื่องจากยาสามารถผ่านเข้าสู่น้ำนมได้ (2) และควรหลีกเลี่ยงการใช้ยานี้ในสตรีให้นมบุตรที่มีทารกแรกเกิดหรือทารกอายุต่ำกว่า 1 เดือน หรือมีโรคประจำตัวเป็น G6PD (3) - (4) และควรเฝ้าระวังผลข้างเคียงของยาที่อาจเกิดขึ้นในทารก (3),"1. Breastfeeding Association for Promotion and Cultural and Research of. Nitrofurantoin. Available from: http://www.e-lactancia.org/producto/1120.                                                     
 2. Briggs GG, Freeman RK, Yaffe SJ. Drugs in pregnancy and lactation: a reference guide to fetal and neonatal risk: Lippincott Williams & Wilkins; 2012. Available from: https://booksfree4u.tk/download-drugs-in-pregnancy-and-lactation-9th-edition-ebook-pd
 3. Organization World Health, UNICEF. Breastfeeding and maternal medication. Recommendations for drugs in the Eleventh WHO Model List of Essential Drugs. World Health Organization-UNICEF, Geneva. 2002.                              
4. Kauffman Ralph E, Banner W, Berlin CM, Blumer JL, Gorman RL, Lambert GH, et al. The transfer of drugs and other chemicals into human milk. Pediatrics. 1994;93(1):137-50."
32,Colistimethate,ใช้สำหรับรักษาโรคติดเชื้อที่มีสาเหตุจากเชื้อแบคทีเรีย,ความเสี่ยงต่อสตรีให้นมบุตรต่ำมาก (1) แต่อย่างไรก็ตามควรเฝ้าระวังและติดตามผลข้างเคียงจากการใช้ยาที่อาจเกิดขึ้นได้ในทารก (2),"1. Breastfeeding Association for Promotion and Cultural and Research of. Colistimethate. Available from: http://www.e-lactancia.org/sinonimo/298.                                                         
2. Briggs GG, Freeman RK, Yaffe SJ. Drugs in pregnancy and lactation: a reference guide to fetal and neonatal risk: Lippincott Williams & Wilkins; 2012. Available from: https://booksfree4u.tk/download-drugs-in-pregnancy-and-lactation-9th-edition-ebook-pdf"
33,Fosfomycin,ใช้สำหรับรักษาโรคติดเชื้อที่มีสาเหตุจากเชื้อแบคทีเรีย,ความเสี่ยงต่อสตรีให้นมบุตรต่ำมาก (1) แต่เนื่องจากไม่พบข้อมูลรายงานเกี่ยวกับการใช้ยาในระหว่างให้นมบุตร (2) จึงควรปรึกษาแพทย์หรือเภสัชกรก่อนใช้ยา ,"1. Breastfeeding Association for Promotion and Cultural and Research of. Fosfomycin. Available from: http://www.e-lactancia.org/producto/696.                                                          
 2. Briggs GG, Freeman RK, Yaffe SJ. Drugs in pregnancy and lactation: a reference guide to fetal and neonatal risk: Lippincott Williams & Wilkins; 2012. Available from: https://booksfree4u.tk/download-drugs-in-pregnancy-and-lactation-9th-edition-ebook-pdf"
34,Vancomycin,ใช้สำหรับรักษาโรคติดเชื้อที่มีสาเหตุจากเชื้อแบคทีเรีย,ความเสี่ยงต่อสตรีให้นมบุตรต่ำมาก (1) แต่เนื่องจากไม่พบข้อมูลรายงานเกี่ยวกับการใช้ยาในระหว่างให้นมบุตร (2) หากต้องใช้ยาควรเฝ้าระวังผลข้างเคียงที่อาจเกิดขึ้นในทารก (3) และควรปรึกษาแพทย์หรือเภสัชกรก่อนใช้ยา ,"1. Breastfeeding Association for Promotion and Cultural and Research of. Vancomycin. Available from: http://www.e-lactancia.org/producto/1583.                                                       
2. Organization World Health, UNICEF. Breastfeeding and maternal medication. Recommendations for drugs in the Eleventh WHO Model List of Essential Drugs. World Health Organization-UNICEF, Geneva. 2002. 
3. Briggs GG, Freeman RK, Yaffe SJ. Drugs in pregnancy and lactation: a reference guide to fetal and neonatal risk: Lippincott Williams & Wilkins; 2012. Available from: https://booksfree4u.tk/download-drugs-in-pregnancy-and-lactation-9th-edition-ebook-pdf"
35,Linezolid,ใช้สำหรับรักษาโรคติดเชื้อที่มีสาเหตุจากเชื้อแบคทีเรีย,ควรปรึกษาแพทย์หรือเภสัชกรหากต้องใช้ยา เนื่องจากมีข้อมูลระบุว่าสตรีให้นมบุตรควรหลีกเลี่ยงการให้นมบุตรด้วยของตนเองหากต้องใช้ยา (1) ถึงแม้มีข้อมูลระบุว่าบามีความเสี่ยงต่อสตรีให้นมบุตรต่ำ (2),"1. Briggs GG, Freeman RK, Yaffe SJ. Drugs in pregnancy and lactation: a reference guide to fetal and neonatal risk: Lippincott Williams & Wilkins; 2012. Available from: https://booksfree4u.tk/download-drugs-in-pregnancy-and-lactation-9th-edition-ebook-pdf
2. Breastfeeding Association for Promotion and Cultural and Research of. Linezolid. Available from: http://www.e-lactancia.org/producto/939.      "
36,Fluconazole,ใช้สำหรับรักษาโรคติดเชื้อที่มีสาเหตุจากเชื้อรา,ยามีความเสี่ยงต่อสตรีให้นมบุตรต่ำมาก (1) มีข้อมูลระบุว่ายาเหมาะสมต่อการใช้ในสตรีให้นมบุตร (2) - (3) และไม่พบผลข้างเคียงที่เกิดต่อทารกหรือการให้นมบุตร (4),"1. Breastfeeding Association for Promotion and Cultural and Research of. Fluconazole. Available from: http://www.e-lactancia.org/producto/667.
2. Briggs GG, Freeman RK, Yaffe SJ. Drugs in pregnancy and lactation: a reference guide to fetal and neonatal risk: Lippincott Williams & Wilkins; 2012. Available from: https://booksfree4u.tk/download-drugs-in-pregnancy-and-lactation-9th-edition-ebook-pdf
3. Organization World Health, UNICEF. Breastfeeding and maternal medication. Recommendations for drugs in the Eleventh WHO Model List of Essential Drugs. World Health Organization-UNICEF, Geneva. 2002.                              
4. Kauffman Ralph E, Banner W, Berlin CM, Blumer JL, Gorman RL, Lambert GH, et al. The transfer of drugs and other chemicals into human milk. Pediatrics. 1994;93(1):137-50."
37,Griseofulvin,ใช้สำหรับรักษาโรคติดเชื้อที่มีสาเหตุจากเชื้อรา,ควรปรึกษาแพทย์หริอเภสัชกรก่อนใช้ยา เนื่องจากไม่มีข้อมูลการใช้ยาในสตรีให้นมบุตรที่เพียงพอ (1) - (2) ถึงแม้ว่าจะมีข้อมูลระบุว่าความเสี่ยงต่อสตรีให้นมบุตรต่ำมาก (3),"1. Briggs GG, Freeman RK, Yaffe SJ. Drugs in pregnancy and lactation: a reference guide to fetal and neonatal risk: Lippincott Williams & Wilkins; 2012. Available from: https://booksfree4u.tk/download-drugs-in-pregnancy-and-lactation-9th-edition-ebook-pdf
2. Organization World Health, UNICEF. Breastfeeding and maternal medication. Recommendations for drugs in the Eleventh WHO Model List of Essential Drugs. World Health Organization-UNICEF, Geneva. 2002. 
3. Breastfeeding Association for Promotion and Cultural and Research of. Griseofulvin. Available from: http://www.e-lactancia.org/producto/759.  "
38,Ketoconazole,ใช้สำหรับรักษาโรคติดเชื้อที่มีสาเหตุจากเชื้อรา,ความเสี่ยงต่อสตรีให้นมบุตรต่ำมาก (1) มีข้อมูลระบุว่าเหมาะสมต่อการใช้ในสตรีให้นมบุตร (2) และไม่พบผลข้างเคียงที่เกิดขึ้นในทารกหรือการให้นมบุตร (3),"1. Breastfeeding Association for Promotion and Cultural and Research of. Ketoconazole. Available from: http://www.e-lactancia.org/producto/890.                                                         
2. Briggs GG, Freeman RK, Yaffe SJ. Drugs in pregnancy and lactation: a reference guide to fetal and neonatal risk: Lippincott Williams & Wilkins; 2012. Available from: https://booksfree4u.tk/download-drugs-in-pregnancy-and-lactation-9th-edition-ebook-pdf
3. Kauffman Ralph E, Banner W, Berlin CM, Blumer JL, Gorman RL, Lambert GH, et al. The transfer of drugs and other chemicals into human milk. Pediatrics. 1994;93(1):137-50."
39,Itraconazole,ใช้สำหรับรักษาโรคติดเชื้อที่มีสาเหตุจากเชื้อรา,ควรปรึกษาแพทย์หรือเภสัชกรหากต้องใช้ยา เนื่องจากมีข้อมูลระบุว่าหากต้องใช้ยานี้ควรหลีกเลี่ยงการให้นมบุตรด้วยนมของตนเอง (1) ถึงแม้ว่ามีข้อมูลระบุว่ายาความเสี่ยงต่อสตรีให้นมบุตรต่ำมาก (2),"1. Briggs GG, Freeman RK, Yaffe SJ. Drugs in pregnancy and lactation: a reference guide to fetal and neonatal risk: Lippincott Williams & Wilkins; 2012. Available from: https://booksfree4u.tk/download-drugs-in-pregnancy-and-lactation-9th-edition-ebook-pdf
2. Breastfeeding Association for Promotion and Cultural and Research of. Itraconazole. Available from: http://www.e-lactancia.org/producto/876.    "
40,Voriconazole,ใช้สำหรับรักษาโรคติดเชื้อที่มีสาเหตุจากเชื้อรา,ควรปรึกษาแพทย์หรือเภสัชกรหากต้องใช้ยา เนื่องจากมีข้อมูลระบุว่าหากต้องใช้ยานี้ควรหลีกเลี่ยงการให้นมบุตรด้วยนมของตนเอง (1) ถึงแม้ว่ามีข้อมูลระบุว่ายาความเสี่ยงต่อสตรีให้นมบุตรต่ำ (2),"1. Briggs GG, Freeman RK, Yaffe SJ. Drugs in pregnancy and lactation: a reference guide to fetal and neonatal risk: Lippincott Williams & Wilkins; 2012. Available from: https://booksfree4u.tk/download-drugs-in-pregnancy-and-lactation-9th-edition-ebook-pdf
2. Breastfeeding Association for Promotion and Cultural and Research of. Itraconazole. Available from: http://www.e-lactancia.org/producto/1601.    "
41,Nystatin,ใช้สำหรับรักษาโรคติดเชื้อที่มีสาเหตุจากเชื้อรา,ความเสี่ยงต่อสตรีให้นมบุตรต่ำมาก (1) เนื่องจากยามีการดูดซึมน้อย (2) และมีข้อมูลระบุว่าเหมาะสมต่อการใช้ในสตรีให้นมบุตร (3),"1. Breastfeeding Association for Promotion and Cultural and Research of. Nystatin. Available from: http://www.e-lactancia.org/producto/1114.
2. Briggs GG, Freeman RK, Yaffe SJ. Drugs in pregnancy and lactation: a reference guide to fetal and neonatal risk: Lippincott Williams & Wilkins; 2012. Available from: https://booksfree4u.tk/download-drugs-in-pregnancy-and-lactation-9th-edition-ebook-pdf
3. Organization World Health, UNICEF. Breastfeeding and maternal medication. Recommendations for drugs in the Eleventh WHO Model List of Essential Drugs. World Health Organization-UNICEF, Geneva. 2002.                              "
42,Brompheniramine Maleate,ใช้สำหรับแก้แพ้ลดน้ำมูก,ควรปรึกษาแพทย์หรือเภสัชกรก่อนใช้ยา เนื่องข้อมูลการใช้ยาในสตรีให้นมบุตรมีน้อย (1) ถึงแม้มีข้อมูลระบุว่าความเสี่ยงต่อสตรีให้นมบุตรต่ำ (2) ,"1. Briggs GG, Freeman RK, Yaffe SJ. Drugs in pregnancy and lactation: a reference guide to fetal and neonatal risk: Lippincott Williams & Wilkins; 2012. Available from: https://booksfree4u.tk/download-drugs-in-pregnancy-and-lactation-9th-edition-ebook-pdf
2. Breastfeeding Association for Promotion and Cultural and Research of. Brompheniramine Maleate. Available from: http://www.e-lactancia.org/producto/204.         "
43,Diphenhydramine,ใช้สำหรับแก้แพ้ลดน้ำมูก,ควรปรึกษาแพทย์หรือเภสัชกรหากต้องใช้ยา เนื่องจากมีข้อมูลระบุว่ายาสามารถผ่านเข้าสู่น้ำนม และมีข้อมูลจากผู้ผลิตว่าไม่ควรใช้ในสตรีให้นมบุตร ถึงแม้ว่าจะไม่พบรายงานผลข้างเคียงของยาที่เกิดกับทารก (1) หรือความเสี่ยงต่อสตรีให้นมบุตรต่ำ (2) ,"1. Briggs GG, Freeman RK, Yaffe SJ. Drugs in pregnancy and lactation: a reference guide to fetal and neonatal risk: Lippincott Williams & Wilkins; 2012. Available from: https://booksfree4u.tk/download-drugs-in-pregnancy-and-lactation-9th-edition-ebook-pdf
2. Breastfeeding Association for Promotion and Cultural and Research of. Diphenhydramine. Available from: http://www.e-lactancia.org/producto/489.            "
44,Hydroxyzine,ใช้สำหรับแก้แพ้ลดน้ำมูก,ควรปรึกษาแพทย์หริอเภสัชกรก่อนใช้ยา เนื่องจากไม่มีข้อมูลการใช้ยาในสตรีให้นมบุตรที่เพียงพอ (1) ถึงแม้ว่าจะมีข้อมูลระบุว่าความเสี่ยงต่อสตรีให้นมบุตรต่ำมาก (2),"1. Briggs GG, Freeman RK, Yaffe SJ. Drugs in pregnancy and lactation: a reference guide to fetal and neonatal risk: Lippincott Williams & Wilkins; 2012. Available from: https://booksfree4u.tk/download-drugs-in-pregnancy-and-lactation-9th-edition-ebook-pdf
2. Breastfeeding Association for Promotion and Cultural and Research of. Hydroxyzine. Available from: http://www.e-lactancia.org/producto/798.    "
45,Cetirizine,ใช้สำหรับแก้แพ้ลดน้ำมูก,ควรปรึกษาแพทย์หริอเภสัชกรก่อนใช้ยา เนื่องจากไม่มีข้อมูลการใช้ยาในสตรีให้นมบุตรที่เพียงพอ (1) ถึงแม้ว่าจะมีข้อมูลระบุว่าความเสี่ยงต่อสตรีให้นมบุตรต่ำมาก (2),"1. Briggs GG, Freeman RK, Yaffe SJ. Drugs in pregnancy and lactation: a reference guide to fetal and neonatal risk: Lippincott Williams & Wilkins; 2012. Available from: https://booksfree4u.tk/download-drugs-in-pregnancy-and-lactation-9th-edition-ebook-pdf
2. Breastfeeding Association for Promotion and Cultural and Research of. Cetirizine. Available from: http://www.e-lactancia.org/producto/322.                                                        "
46,Loratadine,ใช้สำหรับแก้แพ้ลดน้ำมูก,ความเสี่ยงต่อสตรีให้นมบุตรต่ำมาก (1) มีข้อมูลระบุว่าเหมาะสมต่อการใช้ในสตรีให้นมบุตร (2) และไม่พบผลข้างเคียงที่เกิดขึ้นในทารกหรือสตรีให้นมบุตร (3),"1. Breastfeeding Association for Promotion and Cultural and Research of. Loratadine. Available from: http://www.e-lactancia.org/producto/952.                                                         
 2. Briggs GG, Freeman RK, Yaffe SJ. Drugs in pregnancy and lactation: a reference guide to fetal and neonatal risk: Lippincott Williams & Wilkins; 2012. Available from: https://booksfree4u.tk/download-drugs-in-pregnancy-and-lactation-9th-edition-ebook-pd
3. Kauffman Ralph E, Banner W, Berlin CM, Blumer JL, Gorman RL, Lambert GH, et al. The transfer of drugs and other chemicals into human milk. Pediatrics. 1994;93(1):137-50."
47,Dextromethorphan,ใช้สำหรับระงับอาการไอ,ควรปรึกษาแพทย์หรือเภสัชกรหากต้องใช้ยา เนื่องจากไม่พบรายงานข้อมูลการใช้ยาในสตรีให้นมบุตร (1) และยามีโอกาสผ่านเข้าสู่น้ำนม (2) ถึงแม้มีข้อมูลระบุว่ายามีความเสี่ยงต่อสตรีให้นมบุตรต่ำมาก (3) มีข้อมูลระบุว่าควรหลีกเลี่ยงการใช้ยาในขณะให้นมบุตรด้วยนมแม่ หากเป็นสูตรตำรับที่มีส่วนผสมของ Etanol  (2),"1. Organization World Health, UNICEF. Breastfeeding and maternal medication. Recommendations for drugs in the Eleventh WHO Model List of Essential Drugs. World Health Organization-UNICEF, Geneva. 2002.                              
2. Briggs GG, Freeman RK, Yaffe SJ. Drugs in pregnancy and lactation: a reference guide to fetal and neonatal risk: Lippincott Williams & Wilkins; 2012. Available from: https://booksfree4u.tk/download-drugs-in-pregnancy-and-lactation-9th-edition-ebook-pdf
3. Breastfeeding Association for Promotion and Cultural and Research of. Dextromethorphan. Available from: http://www.e-lactancia.org/producto/467."
48,Acetylcysteine,ใช้สำหรับละลายเสมหะ ,ควรปรึกษาแพทย์หรือเภสัชกรก่อนใช้ยา เนื่องจากไม่มีข้อมูลการใช้ยาในสตรีให้นมบุตรที่เพียงพอ (1) - (2) ถึงแม้ว่าจะมีข้อมูลระบุว่าความเสี่ยงต่อสตรีให้นมบุตรต่ำมาก (3),"1. Briggs GG, Freeman RK, Yaffe SJ. Drugs in pregnancy and lactation: a reference guide to fetal and neonatal risk: Lippincott Williams & Wilkins; 2012. Available from: https://booksfree4u.tk/download-drugs-in-pregnancy-and-lactation-9th-edition-ebook-pdf
2. Organization World Health, UNICEF. Breastfeeding and maternal medication. Recommendations for drugs in the Eleventh WHO Model List of Essential Drugs. World Health Organization-UNICEF, Geneva. 2002. 
3. Breastfeeding Association for Promotion and Cultural and Research of. Acetylcysteine. Available from: http://www.e-lactancia.org/producto/12.    "
49,Ambroxol,ใช้สำหรับละลายเสมหะ,ความเสี่ยงต่อสตรีให้นมบุตรต่ำมาก (1),1. Breastfeeding Association for Promotion and Cultural and Research of. Ambroxol. Available from: http://www.e-lactancia.org/producto/72.
50,Bromhexine,ใช้สำหรับละลายเสมหะ,ความเสี่ยงต่อสตรีให้นมบุตรต่ำมาก (1),1. Breastfeeding Association for Promotion and Cultural and Research of. Bromhexine. Available from: http://www.e-lactancia.org/producto/205.
51,Carbocisteine,ใช้สำหรับละลายเสมหะ,ความเสี่ยงต่อสตรีให้นมบุตรต่ำมาก (1),1. Breastfeeding Association for Promotion and Cultural and Research of. Carbocisteine. Available from: http://www.e-lactancia.org/producto/265.
52,Guaifenesin,ใช้สำหรับละลายเสมหะ,ความเสี่ยงต่อสตรีให้นมบุตรต่ำ (1),1. Breastfeeding Association for Promotion and Cultural and Research of. Guaifenesin. Available from: http://www.e-lactancia.org/producto/760.                                                         
53,Aluminium Hydroxide,ใช้สำหรับลดกรดในกระเพาะอาหาร,ความเสี่ยงต่อสตรีให้นมบุตรต่ำมาก (1) และมีข้อมูลระบุว่าเหมาะสมต่อสตรีให้นมบุตร (2),"1. Breastfeeding Association for Promotion and Cultural and Research of. Aluminium Hydroxide. Available from: http://www.e-lactancia.org/sinonimo/43.                                      
2. Organization World Health, UNICEF. Breastfeeding and maternal medication. Recommendations for drugs in the Eleventh WHO Model List of Essential Drugs. World Health Organization-UNICEF, Geneva. 2002. "
54,Magnesium Hydroxide,ใช้สำหรับลดกรดในกระเพาะอาหาร,ความเสี่ยงต่อสตรีให้นมบุตรต่ำมาก (1) และมีข้อมูลระบุว่าเหมาะสมต่อสตรีให้นมบุตร (2),"1. Breastfeeding Association for Promotion and Cultural and Research of. Magnesium Hydroxide. Available from: http://www.e-lactancia.org/producto/972.                                     
2. Organization World Health, UNICEF. Breastfeeding and maternal medication. Recommendations for drugs in the Eleventh WHO Model List of Essential Drugs. World Health Organization-UNICEF, Geneva. 2002. "
55,Domperidone,ใช้สำหรับบรรเทาอาการคลื่นไส้อาเจียน,มีข้อมูลระบุว่ายาสามารถช่วยกระตุ้นการสร้างน้ำนม (1) มีความเสี่ยงต่อสตรีให้นมบุตรต่ำมาก (2) เหมาะสมกับสตรีให้นมบุตร (1) และไม่มีรายงานการเกิดผลข้างเคียงต่อทารกหรือน้ำนม (3),"1. Briggs GG, Freeman RK, Yaffe SJ. Drugs in pregnancy and lactation: a reference guide to fetal and neonatal risk: Lippincott Williams & Wilkins; 2012. Available from: https://booksfree4u.tk/download-drugs-in-pregnancy-and-lactation-9th-edition-ebook-pdf
2. Breastfeeding Association for Promotion and Cultural and Research of. Domperidone. Available from: htthttp://www.e-lactancia.org/producto/521.       
3. Kauffman Ralph E, Banner W, Berlin CM, Blumer JL, Gorman RL, Lambert GH, et al. The transfer of drugs and other chemicals into human milk. Pediatrics. 1994;93(1):137-50."
56,Metoclopramide,ใช้สำหรับบรรเทาอาการคลื่นไส้อาเจียน,ควรหลีกเลี่ยงการใช้ยาหากเป็นไปได้ (1) แม้ว่ามีข้อมูลระบุว่ายามีความเสี่ยงต่อสตรีให้นมบุตรต่ำมาก (2) เนื่องจากข้อมูลการใช้ยาในสตรีให้นมบุตรมีจำกัด (1) และมีข้อมูลระบุว่าไม่ควรใช้ยาในระหว่างให้นมบุตร (3) หากจำเป็นต้องใช้ยาควรเฝ้าระวังผลข้างเคียงที่อาจเกิดขึ้นกับทารก (4) ,"1. Organization World Health, UNICEF. Breastfeeding and maternal medication. Recommendations for drugs in the Eleventh WHO Model List of Essential Drugs. World Health Organization-UNICEF, Geneva. 2002. 
2. Breastfeeding Association for Promotion and Cultural and Research of. Metoclopramide. Available from: http://www.e-lactancia.org/producto/1032.     
3. Briggs GG, Freeman RK, Yaffe SJ. Drugs in pregnancy and lactation: a reference guide to fetal and neonatal risk: Lippincott Williams & Wilkins; 2012. Available from: https://booksfree4u.tk/download-drugs-in-pregnancy-and-lactation-9th-edition-ebook-pdf
4. Kauffman Ralph E, Banner W, Berlin CM, Blumer JL, Gorman RL, Lambert GH, et al. The transfer of drugs and other chemicals into human milk. Pediatrics. 1994;93(1):137-50."
57,Hyoscine Butylbromide,ใช้สำหรับบรรเทาอาการปวดเกร็งในช่องท้อง,ความเสี่ยงสตรีให้นมบุตรต่ำ (1),Breastfeeding Association for Promotion and Cultural and Research of. Hyoscine Butylbromide. Available from: http://www.e-lactancia.org/sinonimo/432.
58,Omeprazole,ใช้สำหรับยับยั้งการหลั่งกรดในกระเพาะอาหาร,ควรปรึกษาแพทย์หรือเภสัชกรก่อนใช้ยา ถึงแม้มีข้อมูลว่ายามีความเสี่ยงต่อสตรีให้นมบุตรต่ำมาก (1) เนื่องจากมีข้อมูลระบุว่าควรหลีกเลี่ยงการใช้ยาในระหว่างที่ให้นมบุตรด้วยนมแม่ (2),"1. Breastfeeding Association for Promotion and Cultural and Research of. Omeprazole. Available from: http://www.e-lactancia.org/producto/1145.                                                      
 2. Briggs GG, Freeman RK, Yaffe SJ. Drugs in pregnancy and lactation: a reference guide to fetal and neonatal risk: Lippincott Williams & Wilkins; 2012. Available from: https://booksfree4u.tk/download-drugs-in-pregnancy-and-lactation-9th-edition-ebook-pdf"
59,Pantoprazole,ใช้สำหรับยับยั้งการหลั่งกรดในกระเพาะอาหาร,ควรปรึกษาแพทย์หรือเภสัชกรหากต้องใช้ยา ถึงแม้มีข้อมูลระบุว่ายามีความเสี่ยงต่อสตรีให้นมบุตรต่ำมาก (1) เนื่องจากมีข้อมูลระบุว่ายาสามารถผ่านเข้าสู่น้ำนมได้ (2),"1. Breastfeeding Association for Promotion and Cultural and Research of. Pantoprazole. Available from: http://www.e-lactancia.org/producto/1175.                                                        
 2. Briggs GG, Freeman RK, Yaffe SJ. Drugs in pregnancy and lactation: a reference guide to fetal and neonatal risk: Lippincott Williams & Wilkins; 2012. Available from: https://booksfree4u.tk/download-drugs-in-pregnancy-and-lactation-9th-edition-ebook-pdf"
60,Esomeprazole,ใช้สำหรับยับยั้งการหลั่งกรดในกระเพาะอาหาร,ควรปรึกษาแพทย์หรือเภสัชกรหากต้องใช้ยา ถึงแม้มีข้อมูลระบุว่ายามีความเสี่ยงต่อสตรีให้นมบุตรต่ำมาก (1) เนื่องจากไม่มีข้อมูลการใช้ยาในสตรีให้นมบุตร (2),"1. Breastfeeding Association for Promotion and Cultural and Research of. Esomeprazole. Available from: http://www.e-lactancia.org/producto/585.                                                         
2. Briggs GG, Freeman RK, Yaffe SJ. Drugs in pregnancy and lactation: a reference guide to fetal and neonatal risk: Lippincott Williams & Wilkins; 2012. Available from: https://booksfree4u.tk/download-drugs-in-pregnancy-and-lactation-9th-edition-ebook-pdf"
61,Lansoprazole,ใช้สำหรับยับยั้งการหลั่งกรดในกระเพาะอาหาร,ควรปรึกษาแพทย์หรือเภสัชกรหากต้องใช้ยา ถึงแม้มีข้อมูลระบุว่ายามีความเสี่ยงต่อสตรีให้นมบุตรต่ำมาก (1) เนื่องจากไม่มีข้อมูลการใช้ยาในสตรีให้นมบุตร (2),"1. Breastfeeding Association for Promotion and Cultural and Research of. Lansoprazole. Available from: http://www.e-lactancia.org/producto/904.                                                           
 2. Briggs GG, Freeman RK, Yaffe SJ. Drugs in pregnancy and lactation: a reference guide to fetal and neonatal risk: Lippincott Williams & Wilkins; 2012. Available from: https://booksfree4u.tk/download-drugs-in-pregnancy-and-lactation-9th-edition-ebook-pdf"
62,Ranitidine,ใช้สำหรับยับยั้งการหลั่งกรดในกระเพาะอาหาร,ยามีความเสี่ยงต่อสตรีให้นมบุตรต่ำมาก (1) และมีข้อมูลระบุว่าเหมาะสมกับสตรีให้นมบุตร แต่อย่างไรก็ตามควรปรึกษาแพทย์หรือเภสัชกรก่อนใช้ยา เนื่องจากไม่มีข้อมูลการศึกษาถึงผลข้างเคียงของยาต่อทารกที่ได้รับนมแม่ (2),"1. Breastfeeding Association for Promotion and Cultural and Research of. Ranitidine. Available from: http://www.e-lactancia.org/producto/1319.                                                       
2. Briggs GG, Freeman RK, Yaffe SJ. Drugs in pregnancy and lactation: a reference guide to fetal and neonatal risk: Lippincott Williams & Wilkins; 2012. Available from: https://booksfree4u.tk/download-drugs-in-pregnancy-and-lactation-9th-edition-ebook-pdf"
63,Famotidine,ใช้สำหรับยับยั้งการหลั่งกรดในกระเพาะอาหาร,ยามีความเสี่ยงต่อสตรีให้นมบุตรต่ำมาก (1) แต่อย่างไรก็ตามควรปรึกษาแพทย์หรือเภสัชกรก่อนใช้ยา เนื่องจากไม่มีข้อมูลรายงานการใช้ยาในสตรีให้นมบุตร (2),"1. Breastfeeding Association for Promotion and Cultural and Research of. Famotidine. Available from: http://www.e-lactancia.org/producto/629.                                                          
 2. Briggs GG, Freeman RK, Yaffe SJ. Drugs in pregnancy and lactation: a reference guide to fetal and neonatal risk: Lippincott Williams & Wilkins; 2012. Available from: https://booksfree4u.tk/download-drugs-in-pregnancy-and-lactation-9th-edition-ebook-pdf"
64,Sucralfate,ใช้สำหรับรักษาและป้องกันการเกิดแผลในกระเพาะอาหารและลำไส้เล็ก,ยามีความเสี่ยงต่อสตรีให้นมบุตรต่ำมาก (1) และอาจมีการผ่านเข้าสู่น้ำนมเพียงเล็กน้อยเนื่องจากมีการดูดซึมน้อย (2),"1. Breastfeeding Association for Promotion and Cultural and Research of. Sucralfate. Available from: http://www.e-lactancia.org/producto/1411.                                                       
 2. Briggs GG, Freeman RK, Yaffe SJ. Drugs in pregnancy and lactation: a reference guide to fetal and neonatal risk: Lippincott Williams & Wilkins; 2012. Available from: https://booksfree4u.tk/download-drugs-in-pregnancy-and-lactation-9th-edition-ebook-pdf"
65,Oral rehydration salt formulations,ใช้สำหรับดื่มทดแทนน้ำในร่างกายที่เสียไป เพราะอาการท้องร่วง หรืออาเจียนมาก,ยามีความเสี่ยงต่อสตรีให้นมบุตรต่ำมาก (1)  ,1. Breastfeeding Association for Promotion and Cultural and Research of. Oral rehydration salt formulations. Available from: http://www.e-lactancia.org/producto/1404.
66,Loperamide,ใช้สำหรับบรรเทาอาการท้องเสีย,ยามีความเสี่ยงต่อสตรีให้นมบุตรต่ำมาก (1) มีข้อมูลระบุว่ายาเหมาะสมต่อสตรีให้นมบุตร (2) แต่อย่างไรก็ตามหากต้องใช้ยาควรปรึกษาแพทย์หรือเภสัชกร เนื่องจากไม่พบการรายงานข้อมูลการใช้ยานี้ในสตรีให้นมบุตร (2) และไม่พบรายงานผลข้างเคียงที่เกิดขึ้นกับทารกหรือการให้นมบุตร (3),"1. Breastfeeding Association for Promotion and Cultural and Research of. Loperamide. Available from: http://www.e-lactancia.org/producto/949.                                                         
  2. Briggs GG, Freeman RK, Yaffe SJ. Drugs in pregnancy and lactation: a reference guide to fetal and neonatal risk: Lippincott Williams & Wilkins; 2012. Available from: https://booksfree4u.tk/download-drugs-in-pregnancy-and-lactation-9th-edition-ebook-p
3. Kauffman Ralph E, Banner W, Berlin CM, Blumer JL, Gorman RL, Lambert GH, et al. The transfer of drugs and other chemicals into human milk. Pediatrics. 1994;93(1):137-50."
67,Bisacodyl,ใช้สำหรับบรรเทาอาการท้องผูก,ความเสี่ยงต่อสตรีให้นมบุตรต่ำมาก (1) แต่อย่างไรก็ตามเนื่องจากไม่พบรายงานข้อมูลการใช้ยาในสตรีให้นมบุตร (2) จึงควรปรึกษาแพทย์หรือเภสัชกรก่อนใช้ยา,"1. Breastfeeding Association for Promotion and Cultural and Research of. Bisacodyl. Available from: http://www.e-lactancia.org/producto/189.                                                          
2. Briggs GG, Freeman RK, Yaffe SJ. Drugs in pregnancy and lactation: a reference guide to fetal and neonatal risk: Lippincott Williams & Wilkins; 2012. Available from: https://booksfree4u.tk/download-drugs-in-pregnancy-and-lactation-9th-edition-ebook-pdf"
68,Castor Oil,ใช้สำหรับบรรเทาอาการท้องผูก,ความเสี่ยงต่อสตรีให้นมบุตรสูง (1) และไม่พบข้อมูลรายงานการใช้ยาในสตรีให้นมบุตร (2),"1. Breastfeeding Association for Promotion and Cultural and Research of. Castor Oil. Available from: http://www.e-lactancia.org/producto/1337.                                                       
 2. Briggs GG, Freeman RK, Yaffe SJ. Drugs in pregnancy and lactation: a reference guide to fetal and neonatal risk: Lippincott Williams & Wilkins; 2012. Available from: https://booksfree4u.tk/download-drugs-in-pregnancy-and-lactation-9th-edition-ebook-pdf"
69,Isphagula,ใช้สำหรับบรรเทาอาการท้องผูก,ความเสี่ยงต่อสตรีให้นมบุตรต่ำมาก (1),1. Breastfeeding Association for Promotion and Cultural and Research of. Isphagula. Available from: http://www.e-lactancia.org/producto/874.
70,Senna,ใช้สำหรับบรรเทาอาการท้องผูก,ความเสี่ยงต่อสตรีให้นมบุตรต่ำมาก (1) เหมาะสมต่อการใช้ในสตรีให้นมบุตร (2) - (3) และไม่พบผลข้างเคียงที่อาจเกิดขึ้นในทารกหรือการให้นมบุตร (4),"1. Breastfeeding Association for Promotion and Cultural and Research of. Senna. Available from: http://www.e-lactancia.org/producto/1377.
 2. Briggs GG, Freeman RK, Yaffe SJ. Drugs in pregnancy and lactation: a reference guide to fetal and neonatal risk: Lippincott Williams & Wilkins; 2012. Available from: https://booksfree4u.tk/download-drugs-in-pregnancy-and-lactation-9th-edition-ebook-pdf
3. Organization World Health, UNICEF. Breastfeeding and maternal medication. Recommendations for drugs in the Eleventh WHO Model List of Essential Drugs. World Health Organization-UNICEF, Geneva. 2002.                                      
4. Kauffman Ralph E, Banner W, Berlin CM, Blumer JL, Gorman RL, Lambert GH, et al. The transfer of drugs and other chemicals into human milk. Pediatrics. 1994;93(1):137-50."
71,Magnesium Hydroxide,ใช้สำหรับบรรเทาอาการท้องผูก,ความเสี่ยงต่อสตรีให้นมบุตรต่ำมาก (1),1. Breastfeeding Association for Promotion and Cultural and Research of. Magnesium Hydroxide. Available from: http://www.e-lactancia.org/producto/972.
72,Magnesium Sulfate,ใช้สำหรับบรรเทาอาการท้องผูก,ความเสี่ยงต่อสตรีให้นมบุตรต่ำมาก (1) เหมาะสมต่อการใช้ในสตรีให้นมบุตร (2) - (3) และไม่พบผลข้างเคียงที่อาจเกิดขึ้นในทารกหรือการให้นมบุตร (4),"1. Breastfeeding Association for Promotion and Cultural and Research of. Magnesium Sulfate. Available from: http://www.e-lactancia.org/producto/973.
 2. Briggs GG, Freeman RK, Yaffe SJ. Drugs in pregnancy and lactation: a reference guide to fetal and neonatal risk: Lippincott Williams & Wilkins; 2012. Available from: https://booksfree4u.tk/download-drugs-in-pregnancy-and-lactation-9th-edition-ebook-pdf
3. Organization World Health, UNICEF. Breastfeeding and maternal medication. Recommendations for drugs in the Eleventh WHO Model List of Essential Drugs. World Health Organization-UNICEF, Geneva. 2002.                                      
4. Kauffman Ralph E, Banner W, Berlin CM, Blumer JL, Gorman RL, Lambert GH, et al. The transfer of drugs and other chemicals into human milk. Pediatrics. 1994;93(1):137-50."
73,Lactulose,ใช้สำหรับบรรเทาอาการท้องผูก,ความเสี่ยงต่อสตรีให้นมบุตรต่ำมาก (1) แต่อย่างไรก็ตามไม่พบข้อมูลรายงานการใช้ยาในสตรีให้นมบุตร (2) จึงควรปรึกษาแพทย์หรือเภสัชกรก่อนใช้ยา ,"1. Breastfeeding Association for Promotion and Cultural and Research of. Lactulose. Available from: http://www.e-lactancia.org/producto/898.                                                          
 2. Briggs GG, Freeman RK, Yaffe SJ. Drugs in pregnancy and lactation: a reference guide to fetal and neonatal risk: Lippincott Williams & Wilkins; 2012. Available from: https://booksfree4u.tk/download-drugs-in-pregnancy-and-lactation-9th-edition-ebook-pdf"
74,BELARA (Ethinylestradiol + Chlormadinone acetate),ใช้สำหรับคุมกำเนิด,ควรหลีกเลี่ยงการใช้ยาคุมกำเนิดชนิดรับประทานโดยเฉพาะ 6 สัปดาห์หลังคลอด (1) ถึงแม้มีข้อมูลระบุว่ายามีความเสี่ยงต่อสตรีให้นมบุตรต่ำ (2) ดังนั้นจึงควรปรึกษาแพทย์หรือเภสัชกรก่อนใช้ยา,"1. Organization World Health, UNICEF. Breastfeeding and maternal medication. Recommendations for drugs in the Eleventh WHO Model List of Essential Drugs. World Health Organization-UNICEF, Geneva. 2002. 
2. Breastfeeding Association for Promotion and Cultural and Research of. Lactulose. Available from: http://www.e-lactancia.org/producto/1728                                                      "
75,B-LADY (Cyproterone acetate + Ethinylestradiol),ใช้สำหรับคุมกำเนิด,ควรหลีกเลี่ยงการใช้ยาคุมกำเนิดชนิดรับประทานโดยเฉพาะ 6 สัปดาห์หลังคลอด (1)  ดังนั้นจึงควรปรึกษาแพทย์หรือเภสัชกรก่อนใช้ยา,"1. Organization World Health, UNICEF. Breastfeeding and maternal medication. Recommendations for drugs in the Eleventh WHO Model List of Essential Drugs. World Health Organization-UNICEF, Geneva. 2002. "
76,CERAZETTE (Desogestrel),ใช้สำหรับคุมกำเนิด,ควรหลีกเลี่ยงการใช้ยาคุมกำเนิดชนิดรับประทานโดยเฉพาะ 6 สัปดาห์หลังคลอด (1) ถึงแม้มีข้อมูลระบุว่ายามีความเสี่ยงต่อสตรีให้นมบุตรต่ำมาก (2) ดังนั้นจึงควรปรึกษาแพทย์หรือเภสัชกรก่อนใช้ยา,"1. Organization World Health, UNICEF. Breastfeeding and maternal medication. Recommendations for drugs in the Eleventh WHO Model List of Essential Drugs. World Health Organization-UNICEF, Geneva. 2002. 
2. Breastfeeding Association for Promotion and Cultural and Research of. Lactulose. Available from: http://www.e-lactancia.org/producto/457   "
77,CHARIVA (Ethinylestradiol + Chlormadinone acetate),ใช้สำหรับคุมกำเนิด,ควรหลีกเลี่ยงการใช้ยาคุมกำเนิดชนิดรับประทานโดยเฉพาะ 6 สัปดาห์หลังคลอด (1) ถึงแม้มีข้อมูลระบุว่ายามีความเสี่ยงต่อสตรีให้นมบุตรต่ำ (2) ดังนั้นจึงควรปรึกษาแพทย์หรือเภสัชกรก่อนใช้ยา,"1. Organization World Health, UNICEF. Breastfeeding and maternal medication. Recommendations for drugs in the Eleventh WHO Model List of Essential Drugs. World Health Organization-UNICEF, Geneva. 2002. 
2. Breastfeeding Association for Promotion and Cultural and Research of. Lactulose. Available from: http://www.e-lactancia.org/producto/1728       "
78,CILEST (Ethinylestradiol + Norgestimate),ใช้สำหรับคุมกำเนิด,ควรหลีกเลี่ยงการใช้ยาคุมกำเนิดชนิดรับประทานโดยเฉพาะ 6 สัปดาห์หลังคลอด (1)  ดังนั้นจึงควรปรึกษาแพทย์หรือเภสัชกรก่อนใช้ยา,"1. Organization World Health, UNICEF. Breastfeeding and maternal medication. Recommendations for drugs in the Eleventh WHO Model List of Essential Drugs. World Health Organization-UNICEF, Geneva. 2002. "
79,CLEO (Ethinylestradiol + Levonorgestrel),ใช้สำหรับคุมกำเนิด,ควรหลีกเลี่ยงการใช้ยาคุมกำเนิดชนิดรับประทานโดยเฉพาะ 6 สัปดาห์หลังคลอด (1) ถึงแม้มีข้อมูลระบุว่ายามีความเสี่ยงต่อสตรีให้นมบุตรต่ำ (2) ดังนั้นจึงควรปรึกษาแพทย์หรือเภสัชกรก่อนใช้ยา,"1. Organization World Health, UNICEF. Breastfeeding and maternal medication. Recommendations for drugs in the Eleventh WHO Model List of Essential Drugs. World Health Organization-UNICEF, Geneva. 2002. 
2. Breastfeeding Association for Promotion and Cultural and Research of. Lactulose. Available from: http://www.e-lactancia.org/producto/1725                                                     "
80,DAFNE 35  (Cyproterone acetate + Ethinylestradiol),ใช้สำหรับคุมกำเนิด,ควรหลีกเลี่ยงการใช้ยาคุมกำเนิดชนิดรับประทานโดยเฉพาะ 6 สัปดาห์หลังคลอด (1)  ดังนั้นจึงควรปรึกษาแพทย์หรือเภสัชกรก่อนใช้ยา,"1. Organization World Health, UNICEF. Breastfeeding and maternal medication. Recommendations for drugs in the Eleventh WHO Model List of Essential Drugs. World Health Organization-UNICEF, Geneva. 2002. "
81,DAILYTON (Lynestrenol),ใช้สำหรับคุมกำเนิด,ควรหลีกเลี่ยงการใช้ยาคุมกำเนิดชนิดรับประทานโดยเฉพาะ 6 สัปดาห์หลังคลอด (1)  ดังนั้นจึงควรปรึกษาแพทย์หรือเภสัชกรก่อนใช้ยา,"1. Organization World Health, UNICEF. Breastfeeding and maternal medication. Recommendations for drugs in the Eleventh WHO Model List of Essential Drugs. World Health Organization-UNICEF, Geneva. 2002. "
82,EXLUTON (Lynestrenol),ใช้สำหรับคุมกำเนิด,ควรหลีกเลี่ยงการใช้ยาคุมกำเนิดชนิดรับประทานโดยเฉพาะ 6 สัปดาห์หลังคลอด (1)  ดังนั้นจึงควรปรึกษาแพทย์หรือเภสัชกรก่อนใช้ยา,"1. Organization World Health, UNICEF. Breastfeeding and maternal medication. Recommendations for drugs in the Eleventh WHO Model List of Essential Drugs. World Health Organization-UNICEF, Geneva. 2002. "
83,FEMINE 30 (Ethinylestradiol + Desogestrel),ใช้สำหรับคุมกำเนิด,ควรหลีกเลี่ยงการใช้ยาคุมกำเนิดชนิดรับประทานโดยเฉพาะ 6 สัปดาห์หลังคลอด (1) ถึงแม้มีข้อมูลระบุว่ายามีความเสี่ยงต่อสตรีให้นมบุตรต่ำ (2) ดังนั้นจึงควรปรึกษาแพทย์หรือเภสัชกรก่อนใช้ยา,"1. Organization World Health, UNICEF. Breastfeeding and maternal medication. Recommendations for drugs in the Eleventh WHO Model List of Essential Drugs. World Health Organization-UNICEF, Geneva. 2002. 
2. Breastfeeding Association for Promotion and Cultural and Research of. Lactulose. Available from: http://www.e-lactancia.org/producto/609                                                      "
84,GOVANA ED (Ethinylestradiol + Gestodene),ใช้สำหรับคุมกำเนิด,ควรหลีกเลี่ยงการใช้ยาคุมกำเนิดชนิดรับประทานโดยเฉพาะ 6 สัปดาห์หลังคลอด (1)  ดังนั้นจึงควรปรึกษาแพทย์หรือเภสัชกรก่อนใช้ยา,"1. Organization World Health, UNICEF. Breastfeeding and maternal medication. Recommendations for drugs in the Eleventh WHO Model List of Essential Drugs. World Health Organization-UNICEF, Geneva. 2002. "
85,GYNERA (Ethinylestradiol + Gestodene),ใช้สำหรับคุมกำเนิด,ควรหลีกเลี่ยงการใช้ยาคุมกำเนิดชนิดรับประทานโดยเฉพาะ 6 สัปดาห์หลังคลอด (1)  ดังนั้นจึงควรปรึกษาแพทย์หรือเภสัชกรก่อนใช้ยา,"1. Organization World Health, UNICEF. Breastfeeding and maternal medication. Recommendations for drugs in the Eleventh WHO Model List of Essential Drugs. World Health Organization-UNICEF, Geneva. 2002. "
86,GYNERA ED (Ethinylestradiol + Gestodene),ใช้สำหรับคุมกำเนิด,ควรหลีกเลี่ยงการใช้ยาคุมกำเนิดชนิดรับประทานโดยเฉพาะ 6 สัปดาห์หลังคลอด (1)  ดังนั้นจึงควรปรึกษาแพทย์หรือเภสัชกรก่อนใช้ยา,"1. Organization World Health, UNICEF. Breastfeeding and maternal medication. Recommendations for drugs in the Eleventh WHO Model List of Essential Drugs. World Health Organization-UNICEF, Geneva. 2002. "
87,LINDYNETTE (Ethinylestradiol + Gestodene),ใช้สำหรับคุมกำเนิด,ควรหลีกเลี่ยงการใช้ยาคุมกำเนิดชนิดรับประทานโดยเฉพาะ 6 สัปดาห์หลังคลอด (1)  ดังนั้นจึงควรปรึกษาแพทย์หรือเภสัชกรก่อนใช้ยา,"1. Organization World Health, UNICEF. Breastfeeding and maternal medication. Recommendations for drugs in the Eleventh WHO Model List of Essential Drugs. World Health Organization-UNICEF, Geneva. 2002. "
88,MADONNA  (Levonorgestrel),ใช้สำหรับคุมกำเนิด,ควรหลีกเลี่ยงการใช้ยาคุมกำเนิดชนิดรับประทานโดยเฉพาะ 6 สัปดาห์หลังคลอด (1) ถึงแม้มีข้อมูลระบุว่ายามีความเสี่ยงต่อสตรีให้นมบุตรต่ำมาก (2) ดังนั้นจึงควรปรึกษาแพทย์หรือเภสัชกรก่อนใช้ยา,"1. Organization World Health, UNICEF. Breastfeeding and maternal medication. Recommendations for drugs in the Eleventh WHO Model List of Essential Drugs. World Health Organization-UNICEF, Geneva. 2002. 
2. Breastfeeding Association for Promotion and Cultural and Research of. Lactulose. Available from: http://www.e-lactancia.org/producto/927          "
89,MANOANE (Cyproterone acetate + Ethinylestradiol),ใช้สำหรับคุมกำเนิด,ควรหลีกเลี่ยงการใช้ยาคุมกำเนิดชนิดรับประทานโดยเฉพาะ 6 สัปดาห์หลังคลอด (1)  ดังนั้นจึงควรปรึกษาแพทย์หรือเภสัชกรก่อนใช้ยา,"1. Organization World Health, UNICEF. Breastfeeding and maternal medication. Recommendations for drugs in the Eleventh WHO Model List of Essential Drugs. World Health Organization-UNICEF, Geneva. 2002. "
90,MARVELON 21 (Ethinylestradiol + Desogestrel),ใช้สำหรับคุมกำเนิด,ควรหลีกเลี่ยงการใช้ยาคุมกำเนิดชนิดรับประทานโดยเฉพาะ 6 สัปดาห์หลังคลอด (1) ถึงแม้มีข้อมูลระบุว่ายามีความเสี่ยงต่อสตรีให้นมบุตรต่ำ (2) ดังนั้นจึงควรปรึกษาแพทย์หรือเภสัชกรก่อนใช้ยา,"1. Organization World Health, UNICEF. Breastfeeding and maternal medication. Recommendations for drugs in the Eleventh WHO Model List of Essential Drugs. World Health Organization-UNICEF, Geneva. 2002. 
2. Breastfeeding Association for Promotion and Cultural and Research of. Lactulose. Available from: http://www.e-lactancia.org/producto/609                                                      "
91,MARVELON 28 (Ethinylestradiol + Desogestrel),ใช้สำหรับคุมกำเนิด,ควรหลีกเลี่ยงการใช้ยาคุมกำเนิดชนิดรับประทานโดยเฉพาะ 6 สัปดาห์หลังคลอด (1) ถึงแม้มีข้อมูลระบุว่ายามีความเสี่ยงต่อสตรีให้นมบุตรต่ำ (2) ดังนั้นจึงควรปรึกษาแพทย์หรือเภสัชกรก่อนใช้ยา,"1. Organization World Health, UNICEF. Breastfeeding and maternal medication. Recommendations for drugs in the Eleventh WHO Model List of Essential Drugs. World Health Organization-UNICEF, Geneva. 2002. 
2. Breastfeeding Association for Promotion and Cultural and Research of. Lactulose. Available from: http://www.e-lactancia.org/producto/609                                                      "
92,MELIANE (Ethinylestradiol + Gestodene),ใช้สำหรับคุมกำเนิด,ควรหลีกเลี่ยงการใช้ยาคุมกำเนิดชนิดรับประทานโดยเฉพาะ 6 สัปดาห์หลังคลอด (1)  ดังนั้นจึงควรปรึกษาแพทย์หรือเภสัชกรก่อนใช้ยา,"1. Organization World Health, UNICEF. Breastfeeding and maternal medication. Recommendations for drugs in the Eleventh WHO Model List of Essential Drugs. World Health Organization-UNICEF, Geneva. 2002. "
93,MELIANE ED (Ethinylestradiol + Gestodene),ใช้สำหรับคุมกำเนิด,ควรหลีกเลี่ยงการใช้ยาคุมกำเนิดชนิดรับประทานโดยเฉพาะ 6 สัปดาห์หลังคลอด (1)  ดังนั้นจึงควรปรึกษาแพทย์หรือเภสัชกรก่อนใช้ยา,"1. Organization World Health, UNICEF. Breastfeeding and maternal medication. Recommendations for drugs in the Eleventh WHO Model List of Essential Drugs. World Health Organization-UNICEF, Geneva. 2002. "
94,MELODIA (Ethinylestradiol + Drospirenone),ใช้สำหรับคุมกำเนิด,ควรหลีกเลี่ยงการใช้ยาคุมกำเนิดชนิดรับประทานโดยเฉพาะ 6 สัปดาห์หลังคลอด (1) ถึงแม้มีข้อมูลระบุว่ายามีความเสี่ยงต่อสตรีให้นมบุตรต่ำ (2) ดังนั้นจึงควรปรึกษาแพทย์หรือเภสัชกรก่อนใช้ยา,"1. Organization World Health, UNICEF. Breastfeeding and maternal medication. Recommendations for drugs in the Eleventh WHO Model List of Essential Drugs. World Health Organization-UNICEF, Geneva. 2002. 
2. Breastfeeding Association for Promotion and Cultural and Research of. Lactulose. Available from: http://www.e-lactancia.org/producto/610                                          "
95,MERCILON 21 (Ethinylestradiol + Desogestrel),ใช้สำหรับคุมกำเนิด,ควรหลีกเลี่ยงการใช้ยาคุมกำเนิดชนิดรับประทานโดยเฉพาะ 6 สัปดาห์หลังคลอด (1) ถึงแม้มีข้อมูลระบุว่ายามีความเสี่ยงต่อสตรีให้นมบุตรต่ำ (2) ดังนั้นจึงควรปรึกษาแพทย์หรือเภสัชกรก่อนใช้ยา,"1. Organization World Health, UNICEF. Breastfeeding and maternal medication. Recommendations for drugs in the Eleventh WHO Model List of Essential Drugs. World Health Organization-UNICEF, Geneva. 2002. 
2. Breastfeeding Association for Promotion and Cultural and Research of. Lactulose. Available from: http://www.e-lactancia.org/producto/609                                                      "
96,MERCILON 28 (Ethinylestradiol + Desogestrel),ใช้สำหรับคุมกำเนิด,ควรหลีกเลี่ยงการใช้ยาคุมกำเนิดชนิดรับประทานโดยเฉพาะ 6 สัปดาห์หลังคลอด (1) ถึงแม้มีข้อมูลระบุว่ายามีความเสี่ยงต่อสตรีให้นมบุตรต่ำ (2) ดังนั้นจึงควรปรึกษาแพทย์หรือเภสัชกรก่อนใช้ยา,"1. Organization World Health, UNICEF. Breastfeeding and maternal medication. Recommendations for drugs in the Eleventh WHO Model List of Essential Drugs. World Health Organization-UNICEF, Geneva. 2002. 
2. Breastfeeding Association for Promotion and Cultural and Research of. Lactulose. Available from: http://www.e-lactancia.org/producto/609                                                      "
97,MICROGYNON 30 ED (Ethinylestradiol + Levonorgestrel),ใช้สำหรับคุมกำเนิด,ควรหลีกเลี่ยงการใช้ยาคุมกำเนิดชนิดรับประทานโดยเฉพาะ 6 สัปดาห์หลังคลอด (1) ถึงแม้มีข้อมูลระบุว่ายามีความเสี่ยงต่อสตรีให้นมบุตรต่ำ (2) ดังนั้นจึงควรปรึกษาแพทย์หรือเภสัชกรก่อนใช้ยา,"1. Organization World Health, UNICEF. Breastfeeding and maternal medication. Recommendations for drugs in the Eleventh WHO Model List of Essential Drugs. World Health Organization-UNICEF, Geneva. 2002. 
2. Breastfeeding Association for Promotion and Cultural and Research of. Lactulose. Available from: http://www.e-lactancia.org/producto/1725                                                       "
98,MILLY 21 (Ethinylestradiol + Levonorgestrel),ใช้สำหรับคุมกำเนิด,ควรหลีกเลี่ยงการใช้ยาคุมกำเนิดชนิดรับประทานโดยเฉพาะ 6 สัปดาห์หลังคลอด (1) ถึงแม้มีข้อมูลระบุว่ายามีความเสี่ยงต่อสตรีให้นมบุตรต่ำ (2) ดังนั้นจึงควรปรึกษาแพทย์หรือเภสัชกรก่อนใช้ยา,"1. Organization World Health, UNICEF. Breastfeeding and maternal medication. Recommendations for drugs in the Eleventh WHO Model List of Essential Drugs. World Health Organization-UNICEF, Geneva. 2002. 
2. Breastfeeding Association for Promotion and Cultural and Research of. Lactulose. Available from: http://www.e-lactancia.org/producto/1725                                                       "
99,MILLY 28 (Ethinylestradiol + Levonorgestrel),ใช้สำหรับคุมกำเนิด,ควรหลีกเลี่ยงการใช้ยาคุมกำเนิดชนิดรับประทานโดยเฉพาะ 6 สัปดาห์หลังคลอด (1) ถึงแม้มีข้อมูลระบุว่ายามีความเสี่ยงต่อสตรีให้นมบุตรต่ำ (2) ดังนั้นจึงควรปรึกษาแพทย์หรือเภสัชกรก่อนใช้ยา,"1. Organization World Health, UNICEF. Breastfeeding and maternal medication. Recommendations for drugs in the Eleventh WHO Model List of Essential Drugs. World Health Organization-UNICEF, Geneva. 2002. 
2.Breastfeeding Association for Promotion and Cultural and Research of. Lactulose. Available from: http://www.e-lactancia.org/producto/1725                                                       "
100,MINIDOS (Ethinylestradiol + Gestodene),ใช้สำหรับคุมกำเนิด,ควรหลีกเลี่ยงการใช้ยาคุมกำเนิดชนิดรับประทานโดยเฉพาะ 6 สัปดาห์หลังคลอด (1)  ดังนั้นจึงควรปรึกษาแพทย์หรือเภสัชกรก่อนใช้ยา,"1. Organization World Health, UNICEF. Breastfeeding and maternal medication. Recommendations for drugs in the Eleventh WHO Model List of Essential Drugs. World Health Organization-UNICEF, Geneva. 2002. "
101,MINNY  (Ethinylestradiol + Desogestrel),ใช้สำหรับคุมกำเนิด,ควรหลีกเลี่ยงการใช้ยาคุมกำเนิดชนิดรับประทานโดยเฉพาะ 6 สัปดาห์หลังคลอด (1) ถึงแม้มีข้อมูลระบุว่ายามีความเสี่ยงต่อสตรีให้นมบุตรต่ำ (2) ดังนั้นจึงควรปรึกษาแพทย์หรือเภสัชกรก่อนใช้ยา,"1. Organization World Health, UNICEF. Breastfeeding and maternal medication. Recommendations for drugs in the Eleventh WHO Model List of Essential Drugs. World Health Organization-UNICEF, Geneva. 2002. 
2. Breastfeeding Association for Promotion and Cultural and Research of. Lactulose. Available from: http://www.e-lactancia.org/producto/609                                                      "
102,MINNY  28 (Ethinylestradiol + Desogestrel),ใช้สำหรับคุมกำเนิด,ควรหลีกเลี่ยงการใช้ยาคุมกำเนิดชนิดรับประทานโดยเฉพาะ 6 สัปดาห์หลังคลอด (1) ถึงแม้มีข้อมูลระบุว่ายามีความเสี่ยงต่อสตรีให้นมบุตรต่ำ (2) ดังนั้นจึงควรปรึกษาแพทย์หรือเภสัชกรก่อนใช้ยา,"1. Organization World Health, UNICEF. Breastfeeding and maternal medication. Recommendations for drugs in the Eleventh WHO Model List of Essential Drugs. World Health Organization-UNICEF, Geneva. 2002. 
2. Breastfeeding Association for Promotion and Cultural and Research of. Lactulose. Available from: http://www.e-lactancia.org/producto/609                                                      "
103,MINOS (Ethinylestradiol + Gestodene),ใช้สำหรับคุมกำเนิด,ควรหลีกเลี่ยงการใช้ยาคุมกำเนิดชนิดรับประทานโดยเฉพาะ 6 สัปดาห์หลังคลอด (1)  ดังนั้นจึงควรปรึกษาแพทย์หรือเภสัชกรก่อนใช้ยา,"1. Organization World Health, UNICEF. Breastfeeding and maternal medication. Recommendations for drugs in the Eleventh WHO Model List of Essential Drugs. World Health Organization-UNICEF, Geneva. 2002. "
104,NOVYNETTE (Ethinylestradiol + Desogestrel),ใช้สำหรับคุมกำเนิด,ควรหลีกเลี่ยงการใช้ยาคุมกำเนิดชนิดรับประทานโดยเฉพาะ 6 สัปดาห์หลังคลอด (1) ถึงแม้มีข้อมูลระบุว่ายามีความเสี่ยงต่อสตรีให้นมบุตรต่ำ (2) ดังนั้นจึงควรปรึกษาแพทย์หรือเภสัชกรก่อนใช้ยา,"1. Organization World Health, UNICEF. Breastfeeding and maternal medication. Recommendations for drugs in the Eleventh WHO Model List of Essential Drugs. World Health Organization-UNICEF, Geneva. 2002. 
2. Breastfeeding Association for Promotion and Cultural and Research of. Lactulose. Available from: http://www.e-lactancia.org/producto/609                                                      "
105,OILEZZ (Ethinylestradiol + Desogestrel),ใช้สำหรับคุมกำเนิด,ควรหลีกเลี่ยงการใช้ยาคุมกำเนิดชนิดรับประทานโดยเฉพาะ 6 สัปดาห์หลังคลอด (1) ถึงแม้มีข้อมูลระบุว่ายามีความเสี่ยงต่อสตรีให้นมบุตรต่ำ (2) ดังนั้นจึงควรปรึกษาแพทย์หรือเภสัชกรก่อนใช้ยา,"1. Organization World Health, UNICEF. Breastfeeding and maternal medication. Recommendations for drugs in the Eleventh WHO Model List of Essential Drugs. World Health Organization-UNICEF, Geneva. 2002. 
2. Breastfeeding Association for Promotion and Cultural and Research of. Lactulose. Available from: http://www.e-lactancia.org/producto/609                                                      "
106,ONJEL 20 (Ethinylestradiol + Gestodene),ใช้สำหรับคุมกำเนิด,ควรหลีกเลี่ยงการใช้ยาคุมกำเนิดชนิดรับประทานโดยเฉพาะ 6 สัปดาห์หลังคลอด (1)  ดังนั้นจึงควรปรึกษาแพทย์หรือเภสัชกรก่อนใช้ยา,"1. Organization World Health, UNICEF. Breastfeeding and maternal medication. Recommendations for drugs in the Eleventh WHO Model List of Essential Drugs. World Health Organization-UNICEF, Geneva. 2002. "
107,POSTINOR (Levonorgestrel),ใช้สำหรับคุมกำเนิด,ควรหลีกเลี่ยงการใช้ยาคุมกำเนิดชนิดรับประทานโดยเฉพาะ 6 สัปดาห์หลังคลอด (1) ถึงแม้มีข้อมูลระบุว่ายามีความเสี่ยงต่อสตรีให้นมบุตรต่ำมาก (2) ดังนั้นจึงควรปรึกษาแพทย์หรือเภสัชกรก่อนใช้ยา,"1. Organization World Health, UNICEF. Breastfeeding and maternal medication. Recommendations for drugs in the Eleventh WHO Model List of Essential Drugs. World Health Organization-UNICEF, Geneva. 2002. 
2. Breastfeeding Association for Promotion and Cultural and Research of. Lactulose. Available from: http://www.e-lactancia.org/producto/927          "
108,RIGEVIDON  (Ethinylestradiol + Norgetrel),ใช้สำหรับคุมกำเนิด,ควรหลีกเลี่ยงการใช้ยาคุมกำเนิดชนิดรับประทานโดยเฉพาะ 6 สัปดาห์หลังคลอด (1)  ดังนั้นจึงควรปรึกษาแพทย์หรือเภสัชกรก่อนใช้ยา,"1. Organization World Health, UNICEF. Breastfeeding and maternal medication. Recommendations for drugs in the Eleventh WHO Model List of Essential Drugs. World Health Organization-UNICEF, Geneva. 2002. "
109,SASHA (Cyproterone acetate + Ethinylestradiol),ใช้สำหรับคุมกำเนิด,ควรหลีกเลี่ยงการใช้ยาคุมกำเนิดชนิดรับประทานโดยเฉพาะ 6 สัปดาห์หลังคลอด (1)  ดังนั้นจึงควรปรึกษาแพทย์หรือเภสัชกรก่อนใช้ยา,"1. Organization World Health, UNICEF. Breastfeeding and maternal medication. Recommendations for drugs in the Eleventh WHO Model List of Essential Drugs. World Health Organization-UNICEF, Geneva. 2002. "
110,SUCEE  (Cyproterone acetate + Ethinylestradiol),ใช้สำหรับคุมกำเนิด,ควรหลีกเลี่ยงการใช้ยาคุมกำเนิดชนิดรับประทานโดยเฉพาะ 6 สัปดาห์หลังคลอด (1)  ดังนั้นจึงควรปรึกษาแพทย์หรือเภสัชกรก่อนใช้ยา,"1. Organization World Health, UNICEF. Breastfeeding and maternal medication. Recommendations for drugs in the Eleventh WHO Model List of Essential Drugs. World Health Organization-UNICEF, Geneva. 2002. "
111,TRIQUILAR ED (Ethinylestradiol + Levonorgestrel),ใช้สำหรับคุมกำเนิด,ควรหลีกเลี่ยงการใช้ยาคุมกำเนิดชนิดรับประทานโดยเฉพาะ 6 สัปดาห์หลังคลอด (1) ถึงแม้มีข้อมูลระบุว่ายามีความเสี่ยงต่อสตรีให้นมบุตรต่ำ (2) ดังนั้นจึงควรปรึกษาแพทย์หรือเภสัชกรก่อนใช้ยา,"1. Organization World Health, UNICEF. Breastfeeding and maternal medication. Recommendations for drugs in the Eleventh WHO Model List of Essential Drugs. World Health Organization-UNICEF, Geneva. 2002. 
2. Breastfeeding Association for Promotion and Cultural and Research of. Lactulose. Available from: http://www.e-lactancia.org/producto/1725            "
112,YASMIN (Ethinylestradiol + Drospirenone),ใช้สำหรับคุมกำเนิด,ควรหลีกเลี่ยงการใช้ยาคุมกำเนิดชนิดรับประทานโดยเฉพาะ 6 สัปดาห์หลังคลอด (1) ถึงแม้มีข้อมูลระบุว่ายามีความเสี่ยงต่อสตรีให้นมบุตรต่ำ (2) ดังนั้นจึงควรปรึกษาแพทย์หรือเภสัชกรก่อนใช้ยา,"1. Organization World Health, UNICEF. Breastfeeding and maternal medication. Recommendations for drugs in the Eleventh WHO Model List of Essential Drugs. World Health Organization-UNICEF, Geneva. 2002. 
2. Breastfeeding Association for Promotion and Cultural and Research of. Lactulose. Available from: http://www.e-lactancia.org/producto/610                       "
113,YAZ (Ethinylestradiol + Drospirenone),ใช้สำหรับคุมกำเนิด,ควรหลีกเลี่ยงการใช้ยาคุมกำเนิดชนิดรับประทานโดยเฉพาะ 6 สัปดาห์หลังคลอด (1) ถึงแม้มีข้อมูลระบุว่ายามีความเสี่ยงต่อสตรีให้นมบุตรต่ำ (2) ดังนั้นจึงควรปรึกษาแพทย์หรือเภสัชกรก่อนใช้ยา,"1. Organization World Health, UNICEF. Breastfeeding and maternal medication. Recommendations for drugs in the Eleventh WHO Model List of Essential Drugs. World Health Organization-UNICEF, Geneva. 2002. 
2. Breastfeeding Association for Promotion and Cultural and Research of. Lactulose. Available from: http://www.e-lactancia.org/producto/610           "
114,ZARINE (Ethinylestradiol + Levonorgestrel),ใช้สำหรับคุมกำเนิด,ควรหลีกเลี่ยงการใช้ยาคุมกำเนิดชนิดรับประทานโดยเฉพาะ 6 สัปดาห์หลังคลอด (1) ถึงแม้มีข้อมูลระบุว่ายามีความเสี่ยงต่อสตรีให้นมบุตรต่ำ (2) ดังนั้นจึงควรปรึกษาแพทย์หรือเภสัชกรก่อนใช้ยา,"1. Organization World Health, UNICEF. Breastfeeding and maternal medication. Recommendations for drugs in the Eleventh WHO Model List of Essential Drugs. World Health Organization-UNICEF, Geneva. 2002. 
2. Breastfeeding Association for Promotion and Cultural and Research of. Lactulose. Available from: http://www.e-lactancia.org/producto/1725            "
115,ZOELY (Estradiol + Nomegestrol),ใช้สำหรับคุมกำเนิด,ควรหลีกเลี่ยงการใช้ยาคุมกำเนิดชนิดรับประทานโดยเฉพาะ 6 สัปดาห์หลังคลอด (1) ถึงแม้มีข้อมูลระบุว่ายามีความเสี่ยงต่อสตรีให้นมบุตรต่ำ (2) ดังนั้นจึงควรปรึกษาแพทย์หรือเภสัชกรก่อนใช้ยา,"1. Organization World Health, UNICEF. Breastfeeding and maternal medication. Recommendations for drugs in the Eleventh WHO Model List of Essential Drugs. World Health Organization-UNICEF, Geneva. 2002. 
2. Breastfeeding Association for Promotion and Cultural and Research of. Lactulose. Available from: http://www.e-lactancia.org/producto/1764                "